2000;Mio EUR (fiksni teèaj 2007);Skupaj dejavnosti;16177;8748;909;955;1421;5464;7428;331;1043;498;296;1875;505;2143;737
2000;Mio EUR (fiksni teèaj 2007);A Kmetijstvo, gozdarstvo in ribištvo;543;162;15;37;38;73;381;27;68;30;6;74;24;84;68
2000;Mio EUR (fiksni teèaj 2007);BCDE Predelovalne dejavnosti, rudarstvo in druga industrija;4539;1966;153;298;522;994;2573;108;408;199;135;706;220;593;204
2000;Mio EUR (fiksni teèaj 2007);..od tega: C Predelovalne dejavnosti;3954;1788;131;271;495;891;2166;103;393;113;86;560;195;526;191
2000;Mio EUR (fiksni teèaj 2007);F Gradbeništvo;1076;557;72;89;72;324;519;22;70;39;19;140;25;144;59
2000;Mio EUR (fiksni teèaj 2007);GHI Trgovina, gostinstvo, promet;3040;1864;306;140;292;1126;1176;53;121;75;32;331;70;368;126
2000;Mio EUR (fiksni teèaj 2007);J Informacijske in komunikacijske dejavnosti;624;483;28;16;26;413;141;3;14;3;9;33;5;62;14
2000;Mio EUR (fiksni teèaj 2007);K Finanène in zavarovalniške dejavnosti;787;498;49;39;48;363;289;10;35;13;10;59;13;111;37
2000;Mio EUR (fiksni teèaj 2007);L Poslovanje z nepremièninami;1276;612;69;77;125;342;663;33;84;43;26;158;43;198;78
2000;Mio EUR (fiksni teèaj 2007);MN Strokovne, znanstvene, tehniène in druge posl. dejavnosti;1146;705;40;41;65;558;442;18;93;23;15;79;23;170;21
2000;Mio EUR (fiksni teèaj 2007);OPQ Uprava in obramba, obv. soc. varnost, izob., zdravstvo;2607;1519;135;130;196;1058;1088;47;136;67;37;249;72;365;116
2000;Mio EUR (fiksni teèaj 2007);RSTU Druge dejavnosti;539;382;42;90;37;213;158;10;15;8;7;46;10;49;13
2000;Struktura po regijah (Slovenija = 100%);Skupaj dejavnosti;100.0;54.1;5.jun;5.sep;8.avg;33.8;45.9;2.0;6.apr;3.jan;1.avg;11.jun;3.jan;13.feb;4.jun
2000;Struktura po regijah (Slovenija = 100%);A Kmetijstvo, gozdarstvo in ribištvo;100.0;29.sep;2.jul;6.avg;6.sep;13.maj;70.1;4.sep;12.maj;5.jun;1.jan;13.jun;4.maj;15.apr;12.jun
2000;Struktura po regijah (Slovenija = 100%);BCDE Predelovalne dejavnosti, rudarstvo in druga industrija;100.0;43.3;3.apr;6.jun;11.maj;21.sep;56.7;2.apr;9.0;4.apr;3.0;15.jun;4.avg;13.jan;4.maj
2000;Struktura po regijah (Slovenija = 100%);..od tega: C Predelovalne dejavnosti;100.0;45.2;3.mar;6.avg;12.maj;22.maj;54.8;2.jun;9.sep;2.avg;2.feb;14.feb;4.sep;13.mar;4.avg
2000;Struktura po regijah (Slovenija = 100%);F Gradbeništvo;100.0;51.8;6.jul;8.mar;6.jul;30.jan;48.2;2.0;6.maj;3.jun;1.avg;13.0;2.mar;13.apr;5.maj
2000;Struktura po regijah (Slovenija = 100%);GHI Trgovina, gostinstvo, promet;100.0;61.3;10.jan;4.jun;9.jun;37.0;38.7;1.jul;4.0;2.maj;1.0;10.sep;2.mar;12.jan;4.jan
2000;Struktura po regijah (Slovenija = 100%);J Informacijske in komunikacijske dejavnosti;100.0;77.4;4.maj;2.maj;4.feb;66.1;22.jun;0.5;2.feb;0.5;1.apr;5.mar;0.8;9.sep;2.feb
2000;Struktura po regijah (Slovenija = 100%);K Finanène in zavarovalniške dejavnosti;100.0;63.3;6.feb;4.sep;6.jan;46.1;36.7;1.mar;4.apr;1.jun;1.mar;7.maj;1.jul;14.jan;4.jul
2000;Struktura po regijah (Slovenija = 100%);L Poslovanje z nepremièninami;100.0;48.0;5.apr;6.0;9.avg;26.avg;52.0;2.jun;6.jun;3.apr;2.0;12.apr;3.apr;15.maj;6.jan
2000;Struktura po regijah (Slovenija = 100%);MN Strokovne, znanstvene, tehniène in druge posl. dejavnosti;100.0;61.5;3.maj;3.jun;5.jul;48.7;38.5;1.jun;8.jan;2.0;1.mar;6.sep;2.0;14.avg;1.sep
2000;Struktura po regijah (Slovenija = 100%);OPQ Uprava in obramba, obv. soc. varnost, izob., zdravstvo;100.0;58.3;5.feb;5.0;7.maj;40.6;41.7;1.avg;5.feb;2.jun;1.apr;9.jun;2.avg;14.0;4.maj
2000;Struktura po regijah (Slovenija = 100%);RSTU Druge dejavnosti;100.0;70.8;7.avg;16.jul;6.avg;39.5;29.2;1.sep;2.avg;1.maj;1.mar;8.apr;1.avg;9.jan;2.apr
2000;Struktura po dejavnostih (%);Skupaj dejavnosti;100.0;100.0;100.0;100.0;100.0;100.0;100.0;100.0;100.0;100.0;100.0;100.0;100.0;100.0;100.0
2000;Struktura po dejavnostih (%);A Kmetijstvo, gozdarstvo in ribištvo;3.apr;1.sep;1.jun;3.sep;2.jun;1.mar;5.jan;8.jan;6.maj;6.jan;2.jan;3.sep;4.avg;3.sep;9.mar
2000;Struktura po dejavnostih (%);BCDE Predelovalne dejavnosti, rudarstvo in druga industrija;28.jan;22.maj;16.avg;31.2;36.7;18.feb;34.6;32.7;39.1;39.8;45.6;37.6;43.6;27.jul;27.jul
2000;Struktura po dejavnostih (%);..od tega: C Predelovalne dejavnosti;24.apr;20.apr;14.apr;28.mar;34.8;16.mar;29.2;31.0;37.7;22.jun;29.0;29.sep;38.7;24.maj;25.sep
2000;Struktura po dejavnostih (%);F Gradbeništvo;6.jul;6.apr;7.sep;9.mar;5.jan;5.sep;7.0;6.jun;6.jul;7.avg;6.maj;7.maj;5.0;6.jul;8.0
2000;Struktura po dejavnostih (%);GHI Trgovina, gostinstvo, promet;18.avg;21.mar;33.6;14.jul;20.jun;20.jun;15.avg;16.0;11.jun;15.0;10.avg;17.jul;13.avg;17.feb;17.jan
2000;Struktura po dejavnostih (%);J Informacijske in komunikacijske dejavnosti;3.sep;5.maj;3.jan;1.jun;1.avg;7.jun;1.sep;0.8;1.mar;0.6;2.sep;1.avg;0.9;2.sep;1.sep
2000;Struktura po dejavnostih (%);K Finanène in zavarovalniške dejavnosti;4.sep;5.jul;5.apr;4.0;3.apr;6.jun;3.sep;3.feb;3.mar;2.maj;3.maj;3.jan;2.jun;5.feb;5.0
2000;Struktura po dejavnostih (%);L Poslovanje z nepremièninami;7.sep;7.0;7.jun;8.0;8.avg;6.mar;8.sep;10.0;8.jan;8.jun;8.jul;8.apr;8.jun;9.feb;10.jun
2000;Struktura po dejavnostih (%);MN Strokovne, znanstvene, tehniène in druge posl. dejavnosti;7.jan;8.jan;4.apr;4.mar;4.jun;10.feb;5.sep;5.maj;8.sep;4.maj;5.jan;4.feb;4.maj;7.sep;2.sep
2000;Struktura po dejavnostih (%);OPQ Uprava in obramba, obv. soc. varnost, izob., zdravstvo;16.jan;17.apr;14.sep;13.jun;13.avg;19.apr;14.jun;14.jan;13.0;13.apr;12.maj;13.mar;14.feb;17.0;15.avg
2000;Struktura po dejavnostih (%);RSTU Druge dejavnosti;3.mar;4.apr;4.jun;9.apr;2.jun;3.sep;2.jan;3.0;1.maj;1.jul;2.mar;2.apr;1.sep;2.mar;1.avg
2001;Mio EUR (fiksni teèaj 2007);Skupaj dejavnosti;18173;9885;1012;1078;1615;6180;8288;359;1199;556;315;2071;571;2407;810
2001;Mio EUR (fiksni teèaj 2007);A Kmetijstvo, gozdarstvo in ribištvo;550;166;16;38;39;73;384;27;69;31;6;75;25;83;67
2001;Mio EUR (fiksni teèaj 2007);BCDE Predelovalne dejavnosti, rudarstvo in druga industrija;5136;2196;173;343;581;1099;2940;117;494;234;140;790;252;686;227
2001;Mio EUR (fiksni teèaj 2007);..od tega: C Predelovalne dejavnosti;4460;1978;148;311;549;971;2482;110;481;128;94;629;222;606;211
2001;Mio EUR (fiksni teèaj 2007);F Gradbeništvo;1142;588;76;95;78;339;553;26;78;42;19;147;25;157;59
2001;Mio EUR (fiksni teèaj 2007);GHI Trgovina, gostinstvo, promet;3458;2129;339;162;341;1287;1329;59;143;81;36;364;83;417;146
2001;Mio EUR (fiksni teèaj 2007);J Informacijske in komunikacijske dejavnosti;728;570;33;18;28;492;158;3;14;3;10;37;6;71;14
2001;Mio EUR (fiksni teèaj 2007);K Finanène in zavarovalniške dejavnosti;805;512;49;39;52;372;293;10;33;11;9;60;13;120;35
2001;Mio EUR (fiksni teèaj 2007);L Poslovanje z nepremièninami;1434;688;78;87;141;382;746;37;95;48;29;179;49;221;89
2001;Mio EUR (fiksni teèaj 2007);MN Strokovne, znanstvene, tehniène in druge posl. dejavnosti;1317;861;47;44;76;694;456;18;86;23;16;82;26;178;27
2001;Mio EUR (fiksni teèaj 2007);OPQ Uprava in obramba, obv. soc. varnost, izob., zdravstvo;3024;1756;157;149;224;1226;1268;54;170;74;42;291;83;421;133
2001;Mio EUR (fiksni teèaj 2007);RSTU Druge dejavnosti;580;419;44;103;56;216;160;9;15;8;7;46;10;53;12
2001;Struktura po regijah (Slovenija = 100%);Skupaj dejavnosti;100.0;54.4;5.jun;5.sep;8.sep;34.0;45.6;2.0;6.jun;3.jan;1.jul;11.apr;3.jan;13.feb;4.maj
2001;Struktura po regijah (Slovenija = 100%);A Kmetijstvo, gozdarstvo in ribištvo;100.0;30.2;2.sep;6.sep;7.0;13.mar;69.8;5.0;12.jun;5.jun;1.jan;13.jul;4.maj;15.jan;12.feb
2001;Struktura po regijah (Slovenija = 100%);BCDE Predelovalne dejavnosti, rudarstvo in druga industrija;100.0;42.8;3.apr;6.jul;11.mar;21.apr;57.2;2.mar;9.jun;4.jun;2.jul;15.apr;4.sep;13.apr;4.apr
2001;Struktura po regijah (Slovenija = 100%);..od tega: C Predelovalne dejavnosti;100.0;44.3;3.mar;7.0;12.mar;21.avg;55.7;2.maj;10.avg;2.sep;2.jan;14.jan;5.0;13.jun;4.jul
2001;Struktura po regijah (Slovenija = 100%);F Gradbeništvo;100.0;51.5;6.jul;8.mar;6.avg;29.jul;48.5;2.mar;6.sep;3.jul;1.jul;12.sep;2.feb;13.jul;5.feb
2001;Struktura po regijah (Slovenija = 100%);GHI Trgovina, gostinstvo, promet;100.0;61.6;9.avg;4.jul;9.avg;37.2;38.4;1.jul;4.jan;2.mar;1.0;10.maj;2.apr;12.jan;4.feb
2001;Struktura po regijah (Slovenija = 100%);J Informacijske in komunikacijske dejavnosti;100.0;78.3;4.maj;2.apr;3.avg;67.5;21.jul;0.4;1.sep;0.4;1.apr;5.jan;0.8;9.avg;2.0
2001;Struktura po regijah (Slovenija = 100%);K Finanène in zavarovalniške dejavnosti;100.0;63.6;6.jan;4.sep;6.apr;46.2;36.4;1.mar;4.jan;1.apr;1.feb;7.apr;1.jul;14.sep;4.apr
2001;Struktura po regijah (Slovenija = 100%);L Poslovanje z nepremièninami;100.0;48.0;5.maj;6.jan;9.avg;26.jun;52.0;2.jun;6.jun;3.apr;2.0;12.maj;3.apr;15.apr;6.feb
2001;Struktura po regijah (Slovenija = 100%);MN Strokovne, znanstvene, tehniène in druge posl. dejavnosti;100.0;65.4;3.jun;3.apr;5.avg;52.7;34.6;1.mar;6.maj;1.avg;1.feb;6.feb;2.0;13.maj;2.jan
2001;Struktura po regijah (Slovenija = 100%);OPQ Uprava in obramba, obv. soc. varnost, izob., zdravstvo;100.0;58.1;5.feb;4.sep;7.apr;40.5;41.9;1.avg;5.jun;2.maj;1.apr;9.jun;2.avg;13.sep;4.apr
2001;Struktura po regijah (Slovenija = 100%);RSTU Druge dejavnosti;100.0;72.4;7.jun;17.jul;9.jul;37.3;27.jun;1.maj;2.jul;1.apr;1.feb;8.0;1.jul;9.feb;2.jan
2001;Struktura po dejavnostih (%);Skupaj dejavnosti;100.0;100.0;100.0;100.0;100.0;100.0;100.0;100.0;100.0;100.0;100.0;100.0;100.0;100.0;100.0
2001;Struktura po dejavnostih (%);A Kmetijstvo, gozdarstvo in ribištvo;3.0;1.jul;1.jun;3.maj;2.apr;1.feb;4.jun;7.jun;5.avg;5.maj;1.sep;3.jun;4.apr;3.apr;8.mar
2001;Struktura po dejavnostih (%);BCDE Predelovalne dejavnosti, rudarstvo in druga industrija;28.mar;22.feb;17.jan;31.avg;36.0;17.avg;35.5;32.4;41.2;42.1;44.5;38.1;44.0;28.maj;28.0
2001;Struktura po dejavnostih (%);..od tega: C Predelovalne dejavnosti;24.maj;20.0;14.jun;28.avg;34.0;15.jul;29.sep;30.jul;40.2;23.jan;29.avg;30.apr;38.8;25.feb;26.jan
2001;Struktura po dejavnostih (%);F Gradbeništvo;6.mar;5.sep;7.maj;8.avg;4.avg;5.maj;6.jul;7.feb;6.maj;7.jun;6.jan;7.jan;4.apr;6.maj;7.mar
2001;Struktura po dejavnostih (%);GHI Trgovina, gostinstvo, promet;19.0;21.maj;33.5;15.0;21.jan;20.avg;16.0;16.maj;11.sep;14.jun;11.mar;17.jun;14.maj;17.mar;18.0
2001;Struktura po dejavnostih (%);J Informacijske in komunikacijske dejavnosti;4.0;5.avg;3.mar;1.jun;1.jul;8.0;1.sep;0.9;1.feb;0.5;3.feb;1.avg;1.0;3.0;1.avg
2001;Struktura po dejavnostih (%);K Finanène in zavarovalniške dejavnosti;4.apr;5.feb;4.avg;3.jul;3.feb;6.0;3.maj;2.avg;2.avg;2.0;3.0;2.sep;2.apr;5.0;4.apr
2001;Struktura po dejavnostih (%);L Poslovanje z nepremièninami;7.sep;7.0;7.jul;8.jan;8.jul;6.feb;9.0;10.mar;7.sep;8.jul;9.mar;8.jun;8.jun;9.feb;10.sep
2001;Struktura po dejavnostih (%);MN Strokovne, znanstvene, tehniène in druge posl. dejavnosti;7.feb;8.jul;4.jun;4.jan;4.jul;11.feb;5.maj;4.sep;7.feb;4.feb;5.jan;4.0;4.maj;7.apr;3.apr
2001;Struktura po dejavnostih (%);OPQ Uprava in obramba, obv. soc. varnost, izob., zdravstvo;16.jun;17.avg;15.maj;13.sep;13.avg;19.avg;15.mar;15.0;14.feb;13.apr;13.feb;14.jan;14.jun;17.maj;16.maj
2001;Struktura po dejavnostih (%);RSTU Druge dejavnosti;3.feb;4.feb;4.apr;9.maj;3.maj;3.maj;1.sep;2.apr;1.mar;1.apr;2.feb;2.feb;1.jul;2.feb;1.maj
2002;Mio EUR (fiksni teèaj 2007);Skupaj dejavnosti;20212;10987;1134;1189;1793;6870;9225;396;1328;627;339;2341;615;2709;870
2002;Mio EUR (fiksni teèaj 2007);A Kmetijstvo, gozdarstvo in ribištvo;659;199;18;46;47;88;461;33;81;38;8;92;28;102;81
2002;Mio EUR (fiksni teèaj 2007);BCDE Predelovalne dejavnosti, rudarstvo in druga industrija;5677;2401;189;378;641;1194;3275;132;543;268;147;913;269;763;240
2002;Mio EUR (fiksni teèaj 2007);..od tega: C Predelovalne dejavnosti;4899;2161;162;342;606;1051;2738;126;529;132;98;727;237;666;223
2002;Mio EUR (fiksni teèaj 2007);F Gradbeništvo;1216;628;81;99;84;365;588;30;80;42;20;156;25;175;59
2002;Mio EUR (fiksni teèaj 2007);GHI Trgovina, gostinstvo, promet;3870;2402;383;177;381;1461;1468;64;162;84;39;409;91;463;155
2002;Mio EUR (fiksni teèaj 2007);J Informacijske in komunikacijske dejavnosti;746;590;32;17;31;510;157;3;15;3;7;37;5;71;15
2002;Mio EUR (fiksni teèaj 2007);K Finanène in zavarovalniške dejavnosti;901;598;54;45;50;448;303;10;32;12;10;63;14;136;26
2002;Mio EUR (fiksni teèaj 2007);L Poslovanje z nepremièninami;1585;763;86;96;154;426;822;41;105;53;32;195;54;246;96
2002;Mio EUR (fiksni teèaj 2007);MN Strokovne, znanstvene, tehniène in druge posl. dejavnosti;1653;1048;71;61;102;814;605;19;109;35;24;109;27;241;39
2002;Mio EUR (fiksni teèaj 2007);OPQ Uprava in obramba, obv. soc. varnost, izob., zdravstvo;3312;1925;171;163;249;1343;1387;59;186;83;45;318;91;459;146
2002;Mio EUR (fiksni teèaj 2007);RSTU Druge dejavnosti;593;434;49;107;56;222;160;5;16;8;5;48;11;54;13
2002;Struktura po regijah (Slovenija = 100%);Skupaj dejavnosti;100.0;54.4;5.jun;5.sep;8.sep;34.0;45.6;2.0;6.jun;3.jan;1.jul;11.jun;3.0;13.apr;4.mar
2002;Struktura po regijah (Slovenija = 100%);A Kmetijstvo, gozdarstvo in ribištvo;100.0;30.jan;2.jul;7.0;7.jan;13.apr;69.9;5.0;12.feb;5.avg;1.feb;13.sep;4.feb;15.apr;12.feb
2002;Struktura po regijah (Slovenija = 100%);BCDE Predelovalne dejavnosti, rudarstvo in druga industrija;100.0;42.3;3.mar;6.jul;11.mar;21.0;57.7;2.mar;9.jun;4.jul;2.jun;16.jan;4.jul;13.apr;4.feb
2002;Struktura po regijah (Slovenija = 100%);..od tega: C Predelovalne dejavnosti;100.0;44.1;3.mar;7.0;12.apr;21.maj;55.9;2.jun;10.avg;2.jul;2.0;14.avg;4.avg;13.jun;4.maj
2002;Struktura po regijah (Slovenija = 100%);F Gradbeništvo;100.0;51.7;6.jul;8.jan;6.sep;30.0;48.3;2.maj;6.jun;3.maj;1.jul;12.sep;2.jan;14.apr;4.sep
2002;Struktura po regijah (Slovenija = 100%);GHI Trgovina, gostinstvo, promet;100.0;62.1;9.sep;4.jun;9.sep;37.7;37.9;1.jul;4.feb;2.feb;1.0;10.jun;2.mar;12.0;4.0
2002;Struktura po regijah (Slovenija = 100%);J Informacijske in komunikacijske dejavnosti;100.0;79.0;4.mar;2.mar;4.jan;68.4;21.0;0.4;1.sep;0.4;1.0;4.sep;0.7;9.jun;2.0
2002;Struktura po regijah (Slovenija = 100%);K Finanène in zavarovalniške dejavnosti;100.0;66.3;6.0;5.0;5.maj;49.7;33.7;1.jan;3.maj;1.mar;1.feb;7.0;1.jun;15.jan;2.sep
2002;Struktura po regijah (Slovenija = 100%);L Poslovanje z nepremièninami;100.0;48.1;5.maj;6.0;9.jul;26.sep;51.9;2.jun;6.jun;3.mar;2.0;12.mar;3.apr;15.maj;6.jan
2002;Struktura po regijah (Slovenija = 100%);MN Strokovne, znanstvene, tehniène in druge posl. dejavnosti;100.0;63.4;4.mar;3.jul;6.feb;49.3;36.6;1.jan;6.jun;2.jan;1.maj;6.jun;1.jun;14.jun;2.apr
2002;Struktura po regijah (Slovenija = 100%);OPQ Uprava in obramba, obv. soc. varnost, izob., zdravstvo;100.0;58.1;5.feb;4.sep;7.maj;40.5;41.9;1.avg;5.jun;2.maj;1.apr;9.jun;2.avg;13.sep;4.apr
2002;Struktura po regijah (Slovenija = 100%);RSTU Druge dejavnosti;100.0;73.1;8.feb;18.jan;9.apr;37.3;26.sep;0.9;2.jul;1.mar;0.9;8.0;1.avg;9.jan;2.feb
2002;Struktura po dejavnostih (%);Skupaj dejavnosti;100.0;100.0;100.0;100.0;100.0;100.0;100.0;100.0;100.0;100.0;100.0;100.0;100.0;100.0;100.0
2002;Struktura po dejavnostih (%);A Kmetijstvo, gozdarstvo in ribištvo;3.mar;1.avg;1.jun;3.sep;2.jun;1.mar;5.0;8.mar;6.jan;6.jan;2.feb;3.sep;4.maj;3.avg;9.mar
2002;Struktura po dejavnostih (%);BCDE Predelovalne dejavnosti, rudarstvo in druga industrija;28.jan;21.sep;16.jul;31.avg;35.7;17.apr;35.5;33.3;40.9;42.7;43.4;39.0;43.8;28.jan;27.jun
2002;Struktura po dejavnostih (%);..od tega: C Predelovalne dejavnosti;24.feb;19.jul;14.feb;28.avg;33.8;15.mar;29.jul;31.jul;39.8;21.jan;29.0;31.jan;38.5;24.jun;25.jun
2002;Struktura po dejavnostih (%);F Gradbeništvo;6.0;5.jul;7.feb;8.mar;4.jul;5.mar;6.apr;7.maj;6.0;6.jul;6.0;6.jul;4.jan;6.maj;6.avg
2002;Struktura po dejavnostih (%);GHI Trgovina, gostinstvo, promet;19.jan;21.sep;33.8;14.sep;21.mar;21.mar;15.sep;16.feb;12.feb;13.maj;11.maj;17.maj;14.avg;17.jan;17.avg
2002;Struktura po dejavnostih (%);J Informacijske in komunikacijske dejavnosti;3.jul;5.apr;2.avg;1.apr;1.jul;7.apr;1.jul;0.8;1.jan;0.5;2.feb;1.jun;0.9;2.jun;1.jul
2002;Struktura po dejavnostih (%);K Finanène in zavarovalniške dejavnosti;4.maj;5.apr;4.avg;3.avg;2.avg;6.maj;3.mar;2.jun;2.apr;1.sep;3.jan;2.jul;2.mar;5.0;3.0
2002;Struktura po dejavnostih (%);L Poslovanje z nepremièninami;7.avg;6.sep;7.jun;8.jan;8.jun;6.feb;8.sep;10.mar;7.sep;8.maj;9.maj;8.mar;8.avg;9.jan;11.jan
2002;Struktura po dejavnostih (%);MN Strokovne, znanstvene, tehniène in druge posl. dejavnosti;8.feb;9.maj;6.feb;5.jan;5.jul;11.sep;6.jun;4.avg;8.feb;5.jun;7.feb;4.jul;4.apr;8.sep;4.maj
2002;Struktura po dejavnostih (%);OPQ Uprava in obramba, obv. soc. varnost, izob., zdravstvo;16.apr;17.maj;15.jan;13.jul;13.sep;19.maj;15.0;14.avg;14.0;13.mar;13.apr;13.jun;14.avg;16.sep;16.jul
2002;Struktura po dejavnostih (%);RSTU Druge dejavnosti;2.sep;3.sep;4.mar;9.0;3.jan;3.feb;1.jul;1.mar;1.feb;1.mar;1.maj;2.0;1.jul;2.0;1.maj
2003;Mio EUR (fiksni teèaj 2007);Skupaj dejavnosti;22001;12152;1237;1267;1947;7701;9849;421;1443;645;360;2511;653;2887;931
2003;Mio EUR (fiksni teèaj 2007);A Kmetijstvo, gozdarstvo in ribištvo;540;164;17;39;38;71;376;29;67;31;6;74;22;82;65
2003;Mio EUR (fiksni teèaj 2007);BCDE Predelovalne dejavnosti, rudarstvo in druga industrija;6215;2672;205;403;703;1361;3543;145;615;272;162;989;286;811;262
2003;Mio EUR (fiksni teèaj 2007);..od tega: C Predelovalne dejavnosti;5377;2408;174;365;665;1203;2970;138;601;134;108;788;252;704;244
2003;Mio EUR (fiksni teèaj 2007);F Gradbeništvo;1372;712;92;105;95;420;660;31;92;44;18;175;31;202;67
2003;Mio EUR (fiksni teèaj 2007);GHI Trgovina, gostinstvo, promet;4258;2663;409;193;422;1639;1595;68;177;90;41;449;101;503;166
2003;Mio EUR (fiksni teèaj 2007);J Informacijske in komunikacijske dejavnosti;833;664;36;19;33;576;169;4;16;3;8;39;6;76;17
2003;Mio EUR (fiksni teèaj 2007);K Finanène in zavarovalniške dejavnosti;997;669;66;46;58;499;327;11;28;12;12;68;15;145;36
2003;Mio EUR (fiksni teèaj 2007);L Poslovanje z nepremièninami;1663;800;90;100;161;449;863;42;110;56;34;205;56;261;100
2003;Mio EUR (fiksni teèaj 2007);MN Strokovne, znanstvene, tehniène in druge posl. dejavnosti;1844;1193;78;61;114;940;651;20;121;36;27;121;27;252;46
2003;Mio EUR (fiksni teèaj 2007);OPQ Uprava in obramba, obv. soc. varnost, izob., zdravstvo;3650;2144;186;180;269;1509;1505;65;200;91;48;344;98;500;158
2003;Mio EUR (fiksni teèaj 2007);RSTU Druge dejavnosti;630;471;58;121;55;237;159;5;15;8;5;46;10;55;14
2003;Struktura po regijah (Slovenija = 100%);Skupaj dejavnosti;100.0;55.2;5.jun;5.avg;8.avg;35.0;44.8;1.sep;6.jun;2.sep;1.jun;11.apr;3.0;13.jan;4.feb
2003;Struktura po regijah (Slovenija = 100%);A Kmetijstvo, gozdarstvo in ribištvo;100.0;30.mar;3.jan;7.jan;7.0;13.jan;69.7;5.mar;12.apr;5.avg;1.jan;13.jul;4.jan;15.mar;12.0
2003;Struktura po regijah (Slovenija = 100%);BCDE Predelovalne dejavnosti, rudarstvo in druga industrija;100.0;43.0;3.mar;6.maj;11.mar;21.sep;57.0;2.mar;9.sep;4.apr;2.jun;15.sep;4.jun;13.0;4.feb
2003;Struktura po regijah (Slovenija = 100%);..od tega: C Predelovalne dejavnosti;100.0;44.8;3.feb;6.avg;12.apr;22.apr;55.2;2.jun;11.feb;2.maj;2.0;14.jul;4.jul;13.jan;4.maj
2003;Struktura po regijah (Slovenija = 100%);F Gradbeništvo;100.0;51.9;6.jul;7.jul;6.sep;30.jun;48.1;2.mar;6.jul;3.feb;1.mar;12.jul;2.feb;14.jul;4.sep
2003;Struktura po regijah (Slovenija = 100%);GHI Trgovina, gostinstvo, promet;100.0;62.5;9.jun;4.maj;9.sep;38.5;37.5;1.jun;4.feb;2.jan;1.0;10.maj;2.apr;11.avg;3.sep
2003;Struktura po regijah (Slovenija = 100%);J Informacijske in komunikacijske dejavnosti;100.0;79.7;4.mar;2.mar;4.0;69.1;20.mar;0.5;1.sep;0.4;0.9;4.jul;0.7;9.jan;2.0
2003;Struktura po regijah (Slovenija = 100%);K Finanène in zavarovalniške dejavnosti;100.0;67.2;6.jul;4.jun;5.avg;50.1;32.8;1.jan;2.avg;1.feb;1.feb;6.avg;1.maj;14.maj;3.jun
2003;Struktura po regijah (Slovenija = 100%);L Poslovanje z nepremièninami;100.0;48.1;5.apr;6.0;9.jul;27.0;51.9;2.maj;6.jun;3.mar;2.0;12.mar;3.apr;15.jul;6.0
2003;Struktura po regijah (Slovenija = 100%);MN Strokovne, znanstvene, tehniène in druge posl. dejavnosti;100.0;64.7;4.feb;3.mar;6.feb;51.0;35.3;1.jan;6.jun;2.0;1.apr;6.jun;1.maj;13.jul;2.maj
2003;Struktura po regijah (Slovenija = 100%);OPQ Uprava in obramba, obv. soc. varnost, izob., zdravstvo;100.0;58.8;5.jan;4.sep;7.apr;41.3;41.2;1.avg;5.maj;2.maj;1.mar;9.apr;2.jul;13.jul;4.mar
2003;Struktura po regijah (Slovenija = 100%);RSTU Druge dejavnosti;100.0;74.7;9.feb;19.feb;8.jul;37.6;25.mar;0.8;2.maj;1.feb;0.8;7.apr;1.jul;8.avg;2.jan
2003;Struktura po dejavnostih (%);Skupaj dejavnosti;100.0;100.0;100.0;100.0;100.0;100.0;100.0;100.0;100.0;100.0;100.0;100.0;100.0;100.0;100.0
2003;Struktura po dejavnostih (%);A Kmetijstvo, gozdarstvo in ribištvo;2.maj;1.mar;1.apr;3.0;1.sep;0.9;3.avg;6.avg;4.jun;4.avg;1.jun;3.0;3.apr;2.sep;7.0
2003;Struktura po dejavnostih (%);BCDE Predelovalne dejavnosti, rudarstvo in druga industrija;28.feb;22.0;16.jun;31.avg;36.1;17.jul;36.0;34.5;42.7;42.3;45.2;39.4;43.8;28.jan;28.jan
2003;Struktura po dejavnostih (%);..od tega: C Predelovalne dejavnosti;24.apr;19.avg;14.jan;28.avg;34.2;15.jun;30.jan;32.8;41.6;20.jul;30.0;31.4;38.6;24.apr;26.mar
2003;Struktura po dejavnostih (%);F Gradbeništvo;6.feb;5.sep;7.apr;8.mar;4.sep;5.maj;6.jul;7.apr;6.apr;6.sep;5.0;7.0;4.jul;7.0;7.feb
2003;Struktura po dejavnostih (%);GHI Trgovina, gostinstvo, promet;19.apr;21.sep;33.0;15.feb;21.jul;21.mar;16.feb;16.feb;12.mar;14.0;11.mar;17.sep;15.maj;17.apr;17.avg
2003;Struktura po dejavnostih (%);J Informacijske in komunikacijske dejavnosti;3.avg;5.maj;2.sep;1.maj;1.jul;7.maj;1.jul;0.9;1.jan;0.5;2.feb;1.jun;1.0;2.jun;1.avg
2003;Struktura po dejavnostih (%);K Finanène in zavarovalniške dejavnosti;4.maj;5.maj;5.apr;3.jun;3.0;6.maj;3.mar;2.jul;2.0;1.sep;3.mar;2.jul;2.mar;5.0;3.sep
2003;Struktura po dejavnostih (%);L Poslovanje z nepremièninami;7.jun;6.jun;7.mar;7.sep;8.mar;5.avg;8.avg;10.jan;7.jun;8.jun;9.mar;8.feb;8.jun;9.0;10.avg
2003;Struktura po dejavnostih (%);MN Strokovne, znanstvene, tehniène in druge posl. dejavnosti;8.apr;9.avg;6.mar;4.avg;5.avg;12.feb;6.jun;4.sep;8.apr;5.jun;7.apr;4.avg;4.jan;8.jul;5.0
2003;Struktura po dejavnostih (%);OPQ Uprava in obramba, obv. soc. varnost, izob., zdravstvo;16.jun;17.jun;15.0;14.feb;13.avg;19.jun;15.mar;15.apr;13.sep;14.feb;13.mar;13.jul;15.0;17.mar;17.0
2003;Struktura po dejavnostih (%);RSTU Druge dejavnosti;2.sep;3.sep;4.jul;9.jun;2.avg;3.jan;1.jun;1.feb;1.jan;1.feb;1.apr;1.avg;1.jun;1.sep;1.maj
2004;Mio EUR (fiksni teèaj 2007);Skupaj dejavnosti;23776;13149;1334;1346;2116;8352;10627;450;1568;693;382;2709;694;3136;995
2004;Mio EUR (fiksni teèaj 2007);A Kmetijstvo, gozdarstvo in ribištvo;630;187;20;44;43;79;442;31;76;38;8;88;26;98;77
2004;Mio EUR (fiksni teèaj 2007);BCDE Predelovalne dejavnosti, rudarstvo in druga industrija;6678;2842;219;425;754;1444;3836;156;675;293;169;1078;307;882;276
2004;Mio EUR (fiksni teèaj 2007);..od tega: C Predelovalne dejavnosti;5700;2526;183;377;706;1260;3173;148;659;137;111;854;269;742;254
2004;Mio EUR (fiksni teèaj 2007);F Gradbeništvo;1481;757;101;108;102;445;725;34;96;46;20;192;36;219;80
2004;Mio EUR (fiksni teèaj 2007);GHI Trgovina, gostinstvo, promet;4580;2886;449;199;450;1788;1694;73;195;99;45;471;98;536;177
2004;Mio EUR (fiksni teèaj 2007);J Informacijske in komunikacijske dejavnosti;915;742;37;20;35;649;174;3;15;3;7;40;6;82;16
2004;Mio EUR (fiksni teèaj 2007);K Finanène in zavarovalniške dejavnosti;1088;737;69;48;64;557;350;12;34;12;12;76;17;162;25
2004;Mio EUR (fiksni teèaj 2007);L Poslovanje z nepremièninami;1779;854;97;106;173;479;925;45;118;59;36;218;61;280;108
2004;Mio EUR (fiksni teèaj 2007);MN Strokovne, znanstvene, tehniène in druge posl. dejavnosti;2010;1306;81;65;153;1007;704;21;128;33;29;126;28;284;53
2004;Mio EUR (fiksni teèaj 2007);OPQ Uprava in obramba, obv. soc. varnost, izob., zdravstvo;3930;2322;193;189;287;1654;1608;68;213;99;50;374;105;530;168
2004;Mio EUR (fiksni teèaj 2007);RSTU Druge dejavnosti;684;515;68;141;56;250;169;6;17;9;5;46;10;62;14
2004;Struktura po regijah (Slovenija = 100%);Skupaj dejavnosti;100.0;55.3;5.jun;5.jul;8.sep;35.1;44.7;1.sep;6.jun;2.sep;1.jun;11.apr;2.sep;13.feb;4.feb
2004;Struktura po regijah (Slovenija = 100%);A Kmetijstvo, gozdarstvo in ribištvo;100.0;29.jul;3.mar;7.0;6.sep;12.jun;70.3;4.sep;12.jan;6.jan;1.mar;14.0;4.jan;15.jun;12.feb
2004;Struktura po regijah (Slovenija = 100%);BCDE Predelovalne dejavnosti, rudarstvo in druga industrija;100.0;42.6;3.mar;6.apr;11.mar;21.jun;57.4;2.mar;10.jan;4.apr;2.maj;16.jan;4.jun;13.feb;4.jan
2004;Struktura po regijah (Slovenija = 100%);..od tega: C Predelovalne dejavnosti;100.0;44.3;3.feb;6.jun;12.apr;22.jan;55.7;2.jun;11.jun;2.apr;1.sep;15.0;4.jul;13.0;4.maj
2004;Struktura po regijah (Slovenija = 100%);F Gradbeništvo;100.0;51.1;6.avg;7.mar;6.sep;30.0;48.9;2.mar;6.maj;3.jan;1.apr;13.0;2.apr;14.avg;5.apr
2004;Struktura po regijah (Slovenija = 100%);GHI Trgovina, gostinstvo, promet;100.0;63.0;9.avg;4.apr;9.avg;39.0;37.0;1.jun;4.mar;2.feb;1.0;10.mar;2.jan;11.jul;3.sep
2004;Struktura po regijah (Slovenija = 100%);J Informacijske in komunikacijske dejavnosti;100.0;81.0;4.jan;2.feb;3.avg;70.9;19.0;0.4;1.jul;0.3;0.7;4.apr;0.7;9.0;1.avg
2004;Struktura po regijah (Slovenija = 100%);K Finanène in zavarovalniške dejavnosti;100.0;67.8;6.mar;4.apr;5.sep;51.2;32.2;1.jan;3.jan;1.jan;1.jan;7.0;1.jun;14.sep;2.mar
2004;Struktura po regijah (Slovenija = 100%);L Poslovanje z nepremièninami;100.0;48.0;5.apr;6.0;9.jul;26.sep;52.0;2.jun;6.jun;3.mar;2.0;12.feb;3.apr;15.avg;6.jan
2004;Struktura po regijah (Slovenija = 100%);MN Strokovne, znanstvene, tehniène in druge posl. dejavnosti;100.0;65.0;4.0;3.mar;7.jun;50.1;35.0;1.jan;6.apr;1.jul;1.maj;6.mar;1.apr;14.jan;2.jun
2004;Struktura po regijah (Slovenija = 100%);OPQ Uprava in obramba, obv. soc. varnost, izob., zdravstvo;100.0;59.1;4.sep;4.avg;7.mar;42.1;40.9;1.jul;5.apr;2.maj;1.mar;9.maj;2.jul;13.maj;4.mar
2004;Struktura po regijah (Slovenija = 100%);RSTU Druge dejavnosti;100.0;75.3;9.sep;20.jun;8.feb;36.6;24.jul;0.8;2.maj;1.mar;0.7;6.jul;1.maj;9.jan;2.jan
2004;Struktura po dejavnostih (%);Skupaj dejavnosti;100.0;100.0;100.0;100.0;100.0;100.0;100.0;100.0;100.0;100.0;100.0;100.0;100.0;100.0;100.0
2004;Struktura po dejavnostih (%);A Kmetijstvo, gozdarstvo in ribištvo;2.jun;1.apr;1.maj;3.mar;2.0;0.9;4.feb;6.sep;4.sep;5.maj;2.jan;3.feb;3.jul;3.jan;7.jul
2004;Struktura po dejavnostih (%);BCDE Predelovalne dejavnosti, rudarstvo in druga industrija;28.jan;21.jun;16.apr;31.maj;35.6;17.mar;36.1;34.5;43.1;42.4;44.2;39.8;44.3;28.jan;27.jul
2004;Struktura po dejavnostih (%);..od tega: C Predelovalne dejavnosti;24.0;19.feb;13.jul;28.0;33.4;15.jan;29.sep;32.8;42.0;19.avg;29.0;31.maj;38.8;23.jul;25.jun
2004;Struktura po dejavnostih (%);F Gradbeništvo;6.feb;5.avg;7.jun;8.jan;4.avg;5.mar;6.avg;7.jun;6.jan;6.jul;5.mar;7.jan;5.feb;7.0;8.jan
2004;Struktura po dejavnostih (%);GHI Trgovina, gostinstvo, promet;19.mar;22.0;33.6;14.avg;21.mar;21.apr;15.sep;16.mar;12.apr;14.feb;11.avg;17.apr;14.jan;17.jan;17.avg
2004;Struktura po dejavnostih (%);J Informacijske in komunikacijske dejavnosti;3.sep;5.jun;2.avg;1.maj;1.jun;7.avg;1.jun;0.8;1.0;0.4;1.avg;1.maj;0.9;2.jun;1.jun
2004;Struktura po dejavnostih (%);K Finanène in zavarovalniške dejavnosti;4.jun;5.jun;5.feb;3.jun;3.0;6.jul;3.mar;2.jun;2.feb;1.avg;3.mar;2.avg;2.apr;5.feb;2.jun
2004;Struktura po dejavnostih (%);L Poslovanje z nepremièninami;7.maj;6.maj;7.mar;7.sep;8.feb;5.jul;8.jul;10.jan;7.maj;8.maj;9.mar;8.0;8.jul;8.sep;10.avg
2004;Struktura po dejavnostih (%);MN Strokovne, znanstvene, tehniène in druge posl. dejavnosti;8.maj;9.sep;6.0;4.sep;7.feb;12.jan;6.jun;4.jul;8.feb;4.avg;7.jul;4.jul;4.jan;9.jan;5.mar
2004;Struktura po dejavnostih (%);OPQ Uprava in obramba, obv. soc. varnost, izob., zdravstvo;16.maj;17.jul;14.apr;14.0;13.maj;19.avg;15.jan;15.feb;13.jun;14.mar;13.feb;13.avg;15.jan;16.sep;16.sep
2004;Struktura po dejavnostih (%);RSTU Druge dejavnosti;2.sep;3.sep;5.jan;10.maj;2.jun;3.0;1.jun;1.feb;1.jan;1.mar;1.mar;1.jul;1.maj;2.0;1.apr
2005;Mio EUR (fiksni teèaj 2007);Skupaj dejavnosti;25177;13951;1399;1420;2194;8938;11227;467;1636;747;400;2885;742;3317;1032
2005;Mio EUR (fiksni teèaj 2007);A Kmetijstvo, gozdarstvo in ribištvo;666;203;25;45;47;85;463;34;85;40;9;91;27;100;77
2005;Mio EUR (fiksni teèaj 2007);BCDE Predelovalne dejavnosti, rudarstvo in druga industrija;6814;2926;215;435;760;1516;3888;156;686;303;170;1097;325;877;274
2005;Mio EUR (fiksni teèaj 2007);..od tega: C Predelovalne dejavnosti;5788;2580;177;389;713;1301;3208;149;669;137;112;872;284;736;250
2005;Mio EUR (fiksni teèaj 2007);F Gradbeništvo;1672;857;113;118;110;517;815;35;103;60;22;230;42;232;92
2005;Mio EUR (fiksni teèaj 2007);GHI Trgovina, gostinstvo, promet;4967;3108;486;221;489;1912;1859;76;213;110;53;510;105;606;186
2005;Mio EUR (fiksni teèaj 2007);J Informacijske in komunikacijske dejavnosti;1012;824;31;23;37;733;187;4;17;3;6;45;7;88;17
2005;Mio EUR (fiksni teèaj 2007);K Finanène in zavarovalniške dejavnosti;1164;791;77;51;66;596;373;13;37;13;12;81;19;169;30
2005;Mio EUR (fiksni teèaj 2007);L Poslovanje z nepremièninami;1920;926;106;114;185;520;994;49;129;63;38;232;64;303;115
2005;Mio EUR (fiksni teèaj 2007);MN Strokovne, znanstvene, tehniène in druge posl. dejavnosti;2050;1291;78;68;135;1010;759;22;121;37;30;165;30;306;47
2005;Mio EUR (fiksni teèaj 2007);OPQ Uprava in obramba, obv. soc. varnost, izob., zdravstvo;4171;2464;204;201;304;1755;1707;73;227;108;53;387;111;570;179
2005;Mio EUR (fiksni teèaj 2007);RSTU Druge dejavnosti;742;562;65;145;59;293;180;5;18;10;5;48;12;66;15
2005;Struktura po regijah (Slovenija = 100%);Skupaj dejavnosti;100.0;55.4;5.jun;5.jun;8.jul;35.5;44.6;1.sep;6.maj;3.0;1.jun;11.maj;2.sep;13.feb;4.jan
2005;Struktura po regijah (Slovenija = 100%);A Kmetijstvo, gozdarstvo in ribištvo;100.0;30.maj;3.avg;6.avg;7.jan;12.avg;69.5;5.jan;12.jul;6.jan;1.apr;13.jun;4.0;15.0;11.jun
2005;Struktura po regijah (Slovenija = 100%);BCDE Predelovalne dejavnosti, rudarstvo in druga industrija;100.0;42.9;3.feb;6.apr;11.feb;22.mar;57.1;2.mar;10.jan;4.apr;2.maj;16.jan;4.avg;12.sep;4.0
2005;Struktura po regijah (Slovenija = 100%);..od tega: C Predelovalne dejavnosti;100.0;44.6;3.jan;6.jul;12.mar;22.maj;55.4;2.jun;11.jun;2.apr;1.sep;15.jan;4.sep;12.jul;4.mar
2005;Struktura po regijah (Slovenija = 100%);F Gradbeništvo;100.0;51.2;6.avg;7.0;6.jun;30.sep;48.8;2.jan;6.feb;3.jun;1.mar;13.jul;2.maj;13.sep;5.maj
2005;Struktura po regijah (Slovenija = 100%);GHI Trgovina, gostinstvo, promet;100.0;62.6;9.avg;4.apr;9.avg;38.5;37.4;1.maj;4.mar;2.feb;1.jan;10.mar;2.jan;12.feb;3.jul
2005;Struktura po regijah (Slovenija = 100%);J Informacijske in komunikacijske dejavnosti;100.0;81.5;3.jan;2.mar;3.jun;72.5;18.maj;0.4;1.jul;0.3;0.6;4.apr;0.7;8.jul;1.jul
2005;Struktura po regijah (Slovenija = 100%);K Finanène in zavarovalniške dejavnosti;100.0;67.9;6.jun;4.apr;5.jul;51.2;32.1;1.jan;3.feb;1.jan;1.0;7.0;1.jul;14.maj;2.jun
2005;Struktura po regijah (Slovenija = 100%);L Poslovanje z nepremièninami;100.0;48.2;5.maj;5.sep;9.jul;27.jan;51.8;2.maj;6.jul;3.mar;2.0;12.jan;3.mar;15.avg;6.0
2005;Struktura po regijah (Slovenija = 100%);MN Strokovne, znanstvene, tehniène in druge posl. dejavnosti;100.0;63.0;3.avg;3.mar;6.jun;49.3;37.0;1.jan;5.sep;1.avg;1.maj;8.jan;1.maj;14.sep;2.mar
2005;Struktura po regijah (Slovenija = 100%);OPQ Uprava in obramba, obv. soc. varnost, izob., zdravstvo;100.0;59.1;4.sep;4.avg;7.mar;42.1;40.9;1.jul;5.apr;2.jun;1.mar;9.mar;2.jul;13.jul;4.mar
2005;Struktura po regijah (Slovenija = 100%);RSTU Druge dejavnosti;100.0;75.7;8.jul;19.maj;7.sep;39.5;24.mar;0.7;2.apr;1.mar;0.7;6.maj;1.jun;9.0;2.jan
2005;Struktura po dejavnostih (%);Skupaj dejavnosti;100.0;100.0;100.0;100.0;100.0;100.0;100.0;100.0;100.0;100.0;100.0;100.0;100.0;100.0;100.0
2005;Struktura po dejavnostih (%);A Kmetijstvo, gozdarstvo in ribištvo;2.jun;1.maj;1.avg;3.feb;2.feb;1.0;4.jan;7.feb;5.feb;5.apr;2.mar;3.jan;3.jun;3.0;7.maj
2005;Struktura po dejavnostih (%);BCDE Predelovalne dejavnosti, rudarstvo in druga industrija;27.jan;21.0;15.mar;30.jun;34.7;17.0;34.6;33.5;41.9;40.5;42.6;38.0;43.8;26.apr;26.jun
2005;Struktura po dejavnostih (%);..od tega: C Predelovalne dejavnosti;23.0;18.maj;12.jul;27.apr;32.5;14.jun;28.jun;32.0;40.9;18.mar;27.sep;30.2;38.2;22.feb;24.mar
2005;Struktura po dejavnostih (%);F Gradbeništvo;6.jun;6.jan;8.jan;8.mar;5.0;5.avg;7.mar;7.apr;6.mar;8.0;5.jun;8.0;5.jun;7.0;8.sep
2005;Struktura po dejavnostih (%);GHI Trgovina, gostinstvo, promet;19.jul;22.mar;34.7;15.maj;22.mar;21.apr;16.jun;16.mar;13.0;14.jul;13.mar;17.jul;14.jan;18.mar;18.0
2005;Struktura po dejavnostih (%);J Informacijske in komunikacijske dejavnosti;4.0;5.sep;2.feb;1.jun;1.jul;8.feb;1.jul;0.9;1.0;0.4;1.jun;1.maj;0.9;2.jun;1.jul
2005;Struktura po dejavnostih (%);K Finanène in zavarovalniške dejavnosti;4.jun;5.jul;5.maj;3.jun;3.0;6.jul;3.mar;2.jul;2.mar;1.jul;3.0;2.avg;2.jun;5.jan;2.sep
2005;Struktura po dejavnostih (%);L Poslovanje z nepremièninami;7.jun;6.jun;7.jun;8.0;8.maj;5.avg;8.sep;10.maj;7.sep;8.maj;9.jun;8.0;8.jun;9.jan;11.feb
2005;Struktura po dejavnostih (%);MN Strokovne, znanstvene, tehniène in druge posl. dejavnosti;8.jan;9.mar;5.jun;4.avg;6.feb;11.mar;6.avg;4.jul;7.apr;5.0;7.maj;5.jul;4.jan;9.feb;4.jun
2005;Struktura po dejavnostih (%);OPQ Uprava in obramba, obv. soc. varnost, izob., zdravstvo;16.jun;17.jul;14.maj;14.jan;13.sep;19.jun;15.feb;15.maj;13.sep;14.apr;13.feb;13.apr;15.0;17.feb;17.mar
2005;Struktura po dejavnostih (%);RSTU Druge dejavnosti;2.sep;4.0;4.jun;10.feb;2.jul;3.mar;1.jun;1.jan;1.jan;1.mar;1.apr;1.jul;1.jun;2.0;1.maj
2006;Mio EUR (fiksni teèaj 2007);Skupaj dejavnosti;27225;15186;1534;1514;2338;9800;12039;500;1802;787;413;3070;778;3608;1083
2006;Mio EUR (fiksni teèaj 2007);A Kmetijstvo, gozdarstvo in ribištvo;627;195;21;45;48;82;432;35;75;36;8;84;27;94;72
2006;Mio EUR (fiksni teèaj 2007);BCDE Predelovalne dejavnosti, rudarstvo in druga industrija;7317;3146;229;460;797;1661;4171;165;786;325;181;1166;330;936;282
2006;Mio EUR (fiksni teèaj 2007);..od tega: C Predelovalne dejavnosti;6209;2767;189;407;742;1430;3441;157;768;142;121;925;284;788;256
2006;Mio EUR (fiksni teèaj 2007);F Gradbeništvo;1957;1006;141;142;132;591;951;40;120;63;25;275;44;279;105
2006;Mio EUR (fiksni teèaj 2007);GHI Trgovina, gostinstvo, promet;5437;3424;535;242;528;2120;2013;84;236;121;52;548;116;658;198
2006;Mio EUR (fiksni teèaj 2007);J Informacijske in komunikacijske dejavnosti;1100;900;34;24;39;804;200;4;18;4;7;47;8;95;18
2006;Mio EUR (fiksni teèaj 2007);K Finanène in zavarovalniške dejavnosti;1376;930;93;58;68;712;446;14;44;15;15;96;24;205;33
2006;Mio EUR (fiksni teèaj 2007);L Poslovanje z nepremièninami;2008;976;114;118;198;547;1031;51;133;66;40;239;67;316;120
2006;Mio EUR (fiksni teèaj 2007);MN Strokovne, znanstvene, tehniène in druge posl. dejavnosti;2269;1450;90;74;147;1139;820;23;132;35;26;164;33;354;53
2006;Mio EUR (fiksni teèaj 2007);OPQ Uprava in obramba, obv. soc. varnost, izob., zdravstvo;4371;2582;213;210;321;1837;1789;78;238;114;55;401;116;599;188
2006;Mio EUR (fiksni teèaj 2007);RSTU Druge dejavnosti;763;575;65;140;61;308;188;6;19;9;5;51;14;70;15
2006;Struktura po regijah (Slovenija = 100%);Skupaj dejavnosti;100.0;55.8;5.jun;5.jun;8.jun;36.0;44.2;1.avg;6.jun;2.sep;1.maj;11.mar;2.sep;13.mar;4.0
2006;Struktura po regijah (Slovenija = 100%);A Kmetijstvo, gozdarstvo in ribištvo;100.0;31.jan;3.apr;7.jan;7.jun;13.0;68.9;5.jun;12.0;5.jul;1.mar;13.apr;4.apr;15.jan;11.maj
2006;Struktura po regijah (Slovenija = 100%);BCDE Predelovalne dejavnosti, rudarstvo in druga industrija;100.0;43.0;3.jan;6.mar;10.sep;22.jul;57.0;2.mar;10.jul;4.apr;2.maj;15.sep;4.maj;12.avg;3.sep
2006;Struktura po regijah (Slovenija = 100%);..od tega: C Predelovalne dejavnosti;100.0;44.6;3.0;6.jun;11.sep;23.0;55.4;2.maj;12.apr;2.mar;1.sep;14.sep;4.jun;12.jul;4.jan
2006;Struktura po regijah (Slovenija = 100%);F Gradbeništvo;100.0;51.4;7.feb;7.mar;6.jul;30.2;48.6;2.jan;6.jan;3.feb;1.mar;14.jan;2.mar;14.feb;5.apr
2006;Struktura po regijah (Slovenija = 100%);GHI Trgovina, gostinstvo, promet;100.0;63.0;9.avg;4.apr;9.jul;39.0;37.0;1.maj;4.mar;2.feb;1.0;10.jan;2.jan;12.jan;3.jun
2006;Struktura po regijah (Slovenija = 100%);J Informacijske in komunikacijske dejavnosti;100.0;81.9;3.jan;2.feb;3.maj;73.1;18.jan;0.4;1.jul;0.3;0.6;4.feb;0.7;8.jul;1.jun
2006;Struktura po regijah (Slovenija = 100%);K Finanène in zavarovalniške dejavnosti;100.0;67.6;6.jul;4.feb;4.sep;51.7;32.4;1.0;3.feb;1.jan;1.jan;7.0;1.jul;14.sep;2.apr
2006;Struktura po regijah (Slovenija = 100%);L Poslovanje z nepremièninami;100.0;48.6;5.jul;5.sep;9.avg;27.feb;51.4;2.jun;6.jun;3.mar;2.0;11.sep;3.mar;15.avg;6.0
2006;Struktura po regijah (Slovenija = 100%);MN Strokovne, znanstvene, tehniène in druge posl. dejavnosti;100.0;63.9;4.0;3.feb;6.maj;50.2;36.1;1.0;5.avg;1.jun;1.jan;7.feb;1.apr;15.jun;2.mar
2006;Struktura po regijah (Slovenija = 100%);OPQ Uprava in obramba, obv. soc. varnost, izob., zdravstvo;100.0;59.1;4.sep;4.avg;7.apr;42.0;40.9;1.avg;5.apr;2.jun;1.mar;9.feb;2.jul;13.jul;4.mar
2006;Struktura po regijah (Slovenija = 100%);RSTU Druge dejavnosti;100.0;75.4;8.maj;18.apr;8.0;40.4;24.jun;0.8;2.maj;1.jan;0.6;6.jul;1.avg;9.jan;2.0
2006;Struktura po dejavnostih (%);Skupaj dejavnosti;100.0;100.0;100.0;100.0;100.0;100.0;100.0;100.0;100.0;100.0;100.0;100.0;100.0;100.0;100.0
2006;Struktura po dejavnostih (%);A Kmetijstvo, gozdarstvo in ribištvo;2.mar;1.mar;1.apr;3.0;2.0;0.8;3.jun;7.0;4.feb;4.maj;1.sep;2.jul;3.maj;2.jun;6.jun
2006;Struktura po dejavnostih (%);BCDE Predelovalne dejavnosti, rudarstvo in druga industrija;26.sep;20.jul;14.sep;30.apr;34.1;16.sep;34.6;33.0;43.6;41.3;43.9;38.0;42.4;26.0;26.jan
2006;Struktura po dejavnostih (%);..od tega: C Predelovalne dejavnosti;22.avg;18.feb;12.mar;26.sep;31.jul;14.jun;28.jun;31.maj;42.6;18.jan;29.mar;30.jan;36.5;21.avg;23.jul
2006;Struktura po dejavnostih (%);F Gradbeništvo;7.feb;6.jun;9.feb;9.apr;5.jun;6.0;7.sep;8.jan;6.jun;7.sep;6.jan;9.0;5.jul;7.jul;9.jul
2006;Struktura po dejavnostih (%);GHI Trgovina, gostinstvo, promet;20.0;22.jun;34.9;16.0;22.jun;21.jun;16.jul;16.avg;13.jan;15.apr;12.jun;17.avg;14.sep;18.mar;18.mar
2006;Struktura po dejavnostih (%);J Informacijske in komunikacijske dejavnosti;4.0;5.sep;2.feb;1.jun;1.jul;8.feb;1.jul;0.8;1.0;0.4;1.jun;1.maj;1.0;2.jun;1.jun
2006;Struktura po dejavnostih (%);K Finanène in zavarovalniške dejavnosti;5.jan;6.jan;6.0;3.sep;2.sep;7.mar;3.jul;2.avg;2.apr;1.sep;3.jun;3.jan;3.jan;5.jul;3.0
2006;Struktura po dejavnostih (%);L Poslovanje z nepremièninami;7.apr;6.apr;7.apr;7.avg;8.apr;5.jun;8.jun;10.mar;7.apr;8.mar;9.jun;7.avg;8.jun;8.avg;11.jan
2006;Struktura po dejavnostih (%);MN Strokovne, znanstvene, tehniène in druge posl. dejavnosti;8.mar;9.maj;5.sep;4.sep;6.mar;11.jun;6.avg;4.maj;7.apr;4.maj;6.feb;5.mar;4.feb;9.avg;4.sep
2006;Struktura po dejavnostih (%);OPQ Uprava in obramba, obv. soc. varnost, izob., zdravstvo;16.jan;17.0;13.sep;13.sep;13.jul;18.jul;14.sep;15.jun;13.feb;14.maj;13.mar;13.jan;14.sep;16.jun;17.mar
2006;Struktura po dejavnostih (%);RSTU Druge dejavnosti;2.avg;3.avg;4.feb;9.mar;2.jun;3.jan;1.jun;1.feb;1.jan;1.jan;1.jan;1.jul;1.jul;1.sep;1.apr
2007;Mio EUR (fiksni teèaj 2007);Skupaj dejavnosti;30367;16938;1717;1722;2598;10900;13429;562;2012;883;450;3419;863;4045;1196
2007;Mio EUR (fiksni teèaj 2007);A Kmetijstvo, gozdarstvo in ribištvo;775;242;27;57;56;102;533;43;90;41;9;108;36;118;88
2007;Mio EUR (fiksni teèaj 2007);BCDE Predelovalne dejavnosti, rudarstvo in druga industrija;8070;3455;254;518;882;1801;4615;179;872;365;192;1265;369;1059;314
2007;Mio EUR (fiksni teèaj 2007);..od tega: C Predelovalne dejavnosti;6881;3039;209;462;827;1541;3842;171;851;160;131;1019;323;905;281
2007;Mio EUR (fiksni teèaj 2007);F Gradbeništvo;2451;1291;172;185;161;773;1160;51;146;81;30;316;51;358;128
2007;Mio EUR (fiksni teèaj 2007);GHI Trgovina, gostinstvo, promet;6234;3914;614;276;601;2423;2320;96;279;135;62;666;129;731;222
2007;Mio EUR (fiksni teèaj 2007);J Informacijske in komunikacijske dejavnosti;1216;997;37;26;43;891;219;4;20;4;7;50;9;107;18
2007;Mio EUR (fiksni teèaj 2007);K Finanène in zavarovalniške dejavnosti;1460;1005;103;58;68;776;455;14;45;16;14;99;23;212;32
2007;Mio EUR (fiksni teèaj 2007);L Poslovanje z nepremièninami;2151;1048;122;126;211;590;1102;58;140;69;41;255;70;341;127
2007;Mio EUR (fiksni teèaj 2007);MN Strokovne, znanstvene, tehniène in druge posl. dejavnosti;2611;1675;99;87;183;1306;936;28;154;41;33;177;38;411;54
2007;Mio EUR (fiksni teèaj 2007);OPQ Uprava in obramba, obv. soc. varnost, izob., zdravstvo;4597;2716;221;218;337;1939;1881;82;246;121;57;428;123;628;197
2007;Mio EUR (fiksni teèaj 2007);RSTU Druge dejavnosti;803;595;68;172;57;298;208;6;20;10;6;55;15;78;17
2007;Struktura po regijah (Slovenija = 100%);Skupaj dejavnosti;100.0;55.8;5.jul;5.jul;8.jun;35.9;44.2;1.avg;6.jun;2.sep;1.maj;11.mar;2.avg;13.mar;3.sep
2007;Struktura po regijah (Slovenija = 100%);A Kmetijstvo, gozdarstvo in ribištvo;100.0;31.2;3.maj;7.mar;7.feb;13.feb;68.8;5.maj;11.jun;5.mar;1.feb;13.sep;4.jun;15.mar;11.apr
2007;Struktura po regijah (Slovenija = 100%);BCDE Predelovalne dejavnosti, rudarstvo in druga industrija;100.0;42.8;3.jan;6.apr;10.sep;22.mar;57.2;2.feb;10.avg;4.maj;2.apr;15.jul;4.jun;13.jan;3.sep
2007;Struktura po regijah (Slovenija = 100%);..od tega: C Predelovalne dejavnosti;100.0;44.2;3.0;6.jul;12.0;22.apr;55.8;2.maj;12.apr;2.mar;1.sep;14.avg;4.jul;13.feb;4.jan
2007;Struktura po regijah (Slovenija = 100%);F Gradbeništvo;100.0;52.7;7.0;7.maj;6.jun;31.6;47.3;2.jan;6.0;3.mar;1.feb;12.sep;2.jan;14.jun;5.feb
2007;Struktura po regijah (Slovenija = 100%);GHI Trgovina, gostinstvo, promet;100.0;62.8;9.avg;4.apr;9.jun;38.9;37.2;1.maj;4.maj;2.feb;1.0;10.jul;2.jan;11.jul;3.jun
2007;Struktura po regijah (Slovenija = 100%);J Informacijske in komunikacijske dejavnosti;100.0;82.0;3.0;2.jan;3.jun;73.3;18.0;0.3;1.jun;0.3;0.6;4.jan;0.8;8.avg;1.maj
2007;Struktura po regijah (Slovenija = 100%);K Finanène in zavarovalniške dejavnosti;100.0;68.9;7.jan;4.0;4.jul;53.1;31.jan;1.0;3.jan;1.jan;0.9;6.avg;1.jun;14.maj;2.feb
2007;Struktura po regijah (Slovenija = 100%);L Poslovanje z nepremièninami;100.0;48.7;5.jul;5.avg;9.avg;27.apr;51.3;2.jul;6.maj;3.feb;1.sep;11.sep;3.mar;15.sep;5.sep
2007;Struktura po regijah (Slovenija = 100%);MN Strokovne, znanstvene, tehniène in druge posl. dejavnosti;100.0;64.2;3.avg;3.mar;7.0;50.0;35.8;1.jan;5.sep;1.jun;1.feb;6.avg;1.maj;15.avg;2.jan
2007;Struktura po regijah (Slovenija = 100%);OPQ Uprava in obramba, obv. soc. varnost, izob., zdravstvo;100.0;59.1;4.avg;4.avg;7.mar;42.2;40.9;1.avg;5.apr;2.jun;1.feb;9.mar;2.jul;13.jul;4.mar
2007;Struktura po regijah (Slovenija = 100%);RSTU Druge dejavnosti;100.0;74.1;8.maj;21.apr;7.jan;37.1;25.sep;0.8;2.maj;1.feb;0.8;6.sep;1.sep;9.avg;2.jan
2007;Struktura po dejavnostih (%);Skupaj dejavnosti;100.0;100.0;100.0;100.0;100.0;100.0;100.0;100.0;100.0;100.0;100.0;100.0;100.0;100.0;100.0
2007;Struktura po dejavnostih (%);A Kmetijstvo, gozdarstvo in ribištvo;2.jun;1.apr;1.jun;3.mar;2.jan;0.9;4.0;7.jun;4.maj;4.jul;2.jan;3.feb;4.feb;2.sep;7.apr
2007;Struktura po dejavnostih (%);BCDE Predelovalne dejavnosti, rudarstvo in druga industrija;26.jun;20.apr;14.avg;30.jan;33.9;16.maj;34.4;31.9;43.4;41.4;42.6;37.0;42.7;26.feb;26.feb
2007;Struktura po dejavnostih (%);..od tega: C Predelovalne dejavnosti;22.jul;17.sep;12.feb;26.avg;31.avg;14.jan;28.jun;30.apr;42.3;18.jan;29.jan;29.avg;37.5;22.apr;23.maj
2007;Struktura po dejavnostih (%);F Gradbeništvo;8.jan;7.jun;10.0;10.jul;6.feb;7.jan;8.jun;9.jan;7.mar;9.jan;6.jun;9.feb;5.sep;8.avg;10.jul
2007;Struktura po dejavnostih (%);GHI Trgovina, gostinstvo, promet;20.maj;23.jan;35.7;16.0;23.jan;22.feb;17.mar;17.0;13.sep;15.mar;13.avg;19.maj;14.sep;18.jan;18.jun
2007;Struktura po dejavnostih (%);J Informacijske in komunikacijske dejavnosti;4.0;5.sep;2.feb;1.maj;1.jul;8.feb;1.jun;0.7;1.0;0.4;1.maj;1.maj;1.jan;2.jun;1.maj
2007;Struktura po dejavnostih (%);K Finanène in zavarovalniške dejavnosti;4.avg;5.sep;6.0;3.apr;2.jun;7.jan;3.apr;2.jun;2.feb;1.avg;3.0;2.sep;2.jul;5.feb;2.jun
2007;Struktura po dejavnostih (%);L Poslovanje z nepremièninami;7.jan;6.feb;7.jan;7.mar;8.jan;5.apr;8.feb;10.apr;7.0;7.avg;9.feb;7.maj;8.jan;8.apr;10.jun
2007;Struktura po dejavnostih (%);MN Strokovne, znanstvene, tehniène in druge posl. dejavnosti;8.jun;9.sep;5.avg;5.0;7.0;12.0;7.0;4.sep;7.jun;4.jul;7.feb;5.feb;4.apr;10.feb;4.maj
2007;Struktura po dejavnostih (%);OPQ Uprava in obramba, obv. soc. varnost, izob., zdravstvo;15.jan;16.0;12.sep;12.jul;13.0;17.avg;14.0;14.jun;12.feb;13.jul;12.jun;12.maj;14.feb;15.maj;16.maj
2007;Struktura po dejavnostih (%);RSTU Druge dejavnosti;2.jun;3.maj;4.0;10.0;2.feb;2.jul;1.maj;1.jan;1.0;1.jan;1.apr;1.jun;1.avg;1.sep;1.apr
2008;Mio EUR (fiksni teèaj 2007);Skupaj dejavnosti;32681;18230;1874;1834;2773;11748;14451;603;2152;955;484;3732;913;4355;1257
2008;Mio EUR (fiksni teèaj 2007);A Kmetijstvo, gozdarstvo in ribištvo;763;240;26;55;59;99;523;41;86;42;9;109;35;116;86
2008;Mio EUR (fiksni teèaj 2007);BCDE Predelovalne dejavnosti, rudarstvo in druga industrija;8265;3461;249;534;882;1795;4804;179;915;398;195;1319;382;1094;322
2008;Mio EUR (fiksni teèaj 2007);..od tega: C Predelovalne dejavnosti;6981;3028;203;467;823;1535;3952;170;892;169;130;1051;331;920;289
2008;Mio EUR (fiksni teèaj 2007);F Gradbeništvo;2762;1431;190;206;191;844;1331;64;164;82;35;383;58;413;132
2008;Mio EUR (fiksni teèaj 2007);GHI Trgovina, gostinstvo, promet;6852;4321;696;303;667;2655;2531;107;310;145;77;729;136;792;235
2008;Mio EUR (fiksni teèaj 2007);J Informacijske in komunikacijske dejavnosti;1294;1048;39;28;50;931;245;5;22;5;7;55;11;120;21
2008;Mio EUR (fiksni teèaj 2007);K Finanène in zavarovalniške dejavnosti;1539;1067;106;58;73;830;473;15;46;16;12;105;22;225;32
2008;Mio EUR (fiksni teèaj 2007);L Poslovanje z nepremièninami;2387;1170;130;138;233;669;1217;65;155;74;44;284;76;381;139
2008;Mio EUR (fiksni teèaj 2007);MN Strokovne, znanstvene, tehniène in druge posl. dejavnosti;2902;1880;123;113;191;1454;1022;31;166;46;35;212;42;431;59
2008;Mio EUR (fiksni teèaj 2007);OPQ Uprava in obramba, obv. soc. varnost, izob., zdravstvo;5064;2987;243;236;370;2138;2077;92;268;135;63;478;134;695;214
2008;Mio EUR (fiksni teèaj 2007);RSTU Druge dejavnosti;853;625;72;162;58;333;229;7;20;11;7;59;16;89;19
2008;Struktura po regijah (Slovenija = 100%);Skupaj dejavnosti;100.0;55.8;5.jul;5.jun;8.maj;35.9;44.2;1.avg;6.jun;2.sep;1.maj;11.apr;2.avg;13.mar;3.avg
2008;Struktura po regijah (Slovenija = 100%);A Kmetijstvo, gozdarstvo in ribištvo;100.0;31.4;3.apr;7.feb;7.avg;13.0;68.6;5.mar;11.feb;5.maj;1.feb;14.mar;4.jun;15.feb;11.mar
2008;Struktura po regijah (Slovenija = 100%);BCDE Predelovalne dejavnosti, rudarstvo in druga industrija;100.0;41.9;3.0;6.maj;10.jul;21.jul;58.1;2.feb;11.jan;4.avg;2.apr;16.0;4.jun;13.feb;3.sep
2008;Struktura po regijah (Slovenija = 100%);..od tega: C Predelovalne dejavnosti;100.0;43.4;2.sep;6.jul;11.avg;22.0;56.6;2.apr;12.avg;2.apr;1.sep;15.jan;4.jul;13.feb;4.jan
2008;Struktura po regijah (Slovenija = 100%);F Gradbeništvo;100.0;51.8;6.sep;7.maj;6.sep;30.jun;48.2;2.mar;5.sep;3.0;1.mar;13.sep;2.jan;14.sep;4.avg
2008;Struktura po regijah (Slovenija = 100%);GHI Trgovina, gostinstvo, promet;100.0;63.1;10.feb;4.apr;9.jul;38.7;36.9;1.jun;4.maj;2.jan;1.jan;10.jun;2.0;11.jun;3.apr
2008;Struktura po regijah (Slovenija = 100%);J Informacijske in komunikacijske dejavnosti;100.0;81.0;3.0;2.feb;3.avg;72.0;19.0;0.4;1.jul;0.3;0.6;4.feb;0.9;9.mar;1.jun
2008;Struktura po regijah (Slovenija = 100%);K Finanène in zavarovalniške dejavnosti;100.0;69.3;6.sep;3.avg;4.jul;53.9;30.jul;0.9;3.0;1.jan;0.8;6.avg;1.apr;14.jun;2.0
2008;Struktura po regijah (Slovenija = 100%);L Poslovanje z nepremièninami;100.0;49.0;5.apr;5.avg;9.avg;28.0;51.0;2.jul;6.maj;3.jan;1.avg;11.sep;3.feb;15.sep;5.avg
2008;Struktura po regijah (Slovenija = 100%);MN Strokovne, znanstvene, tehniène in druge posl. dejavnosti;100.0;64.8;4.feb;3.sep;6.jun;50.1;35.2;1.jan;5.jul;1.jun;1.feb;7.mar;1.apr;14.sep;2.0
2008;Struktura po regijah (Slovenija = 100%);OPQ Uprava in obramba, obv. soc. varnost, izob., zdravstvo;100.0;59.0;4.avg;4.jul;7.mar;42.2;41.0;1.avg;5.mar;2.jul;1.feb;9.apr;2.jun;13.jul;4.feb
2008;Struktura po regijah (Slovenija = 100%);RSTU Druge dejavnosti;100.0;73.2;8.apr;19.0;6.avg;39.0;26.avg;0.8;2.apr;1.mar;0.8;6.sep;1.sep;10.maj;2.feb
2008;Struktura po dejavnostih (%);Skupaj dejavnosti;100.0;100.0;100.0;100.0;100.0;100.0;100.0;100.0;100.0;100.0;100.0;100.0;100.0;100.0;100.0
2008;Struktura po dejavnostih (%);A Kmetijstvo, gozdarstvo in ribištvo;2.mar;1.mar;1.apr;3.0;2.jan;0.8;3.jun;6.jul;4.0;4.apr;1.sep;2.sep;3.avg;2.jul;6.avg
2008;Struktura po dejavnostih (%);BCDE Predelovalne dejavnosti, rudarstvo in druga industrija;25.mar;19.0;13.mar;29.jan;31.avg;15.mar;33.2;29.jul;42.5;41.7;40.2;35.3;41.9;25.jan;25.jun
2008;Struktura po dejavnostih (%);..od tega: C Predelovalne dejavnosti;21.apr;16.jun;10.avg;25.maj;29.jul;13.jan;27.mar;28.feb;41.4;17.jul;26.sep;28.feb;36.2;21.jan;23.0
2008;Struktura po dejavnostih (%);F Gradbeništvo;8.maj;7.avg;10.jan;11.feb;6.sep;7.feb;9.feb;10.jun;7.jun;8.jun;7.feb;10.mar;6.apr;9.maj;10.maj
2008;Struktura po dejavnostih (%);GHI Trgovina, gostinstvo, promet;21.0;23.jul;37.2;16.maj;24.0;22.jun;17.maj;17.jul;14.apr;15.feb;15.sep;19.maj;14.sep;18.feb;18.jul
2008;Struktura po dejavnostih (%);J Informacijske in komunikacijske dejavnosti;4.0;5.avg;2.jan;1.maj;1.avg;7.sep;1.jul;0.8;1.0;0.5;1.maj;1.maj;1.mar;2.avg;1.jun
2008;Struktura po dejavnostih (%);K Finanène in zavarovalniške dejavnosti;4.jul;5.sep;5.jun;3.feb;2.jun;7.jan;3.mar;2.apr;2.feb;1.jul;2.maj;2.avg;2.apr;5.feb;2.maj
2008;Struktura po dejavnostih (%);L Poslovanje z nepremièninami;7.mar;6.apr;6.sep;7.maj;8.apr;5.jul;8.apr;10.jul;7.feb;7.avg;9.0;7.jun;8.apr;8.jul;11.0
2008;Struktura po dejavnostih (%);MN Strokovne, znanstvene, tehniène in druge posl. dejavnosti;8.sep;10.mar;6.maj;6.feb;6.sep;12.apr;7.jan;5.jan;7.jul;4.sep;7.feb;5.jul;4.jun;9.sep;4.jul
2008;Struktura po dejavnostih (%);OPQ Uprava in obramba, obv. soc. varnost, izob., zdravstvo;15.maj;16.apr;13.0;12.sep;13.mar;18.feb;14.apr;15.feb;12.apr;14.jan;13.jan;12.avg;14.jul;16.0;17.0
2008;Struktura po dejavnostih (%);RSTU Druge dejavnosti;2.jun;3.apr;3.avg;8.sep;2.jan;2.avg;1.jun;1.jan;1.0;1.feb;1.maj;1.jun;1.jul;2.jan;1.maj
2009;Mio EUR (fiksni teèaj 2007);Skupaj dejavnosti;31024;17441;1817;1712;2529;11383;13583;575;1992;913;453;3514;831;4107;1196
2009;Mio EUR (fiksni teèaj 2007);A Kmetijstvo, gozdarstvo in ribištvo;729;228;25;53;56;94;501;40;80;42;9;104;34;111;81
2009;Mio EUR (fiksni teèaj 2007);BCDE Predelovalne dejavnosti, rudarstvo in druga industrija;7111;2967;221;449;688;1610;4144;156;802;365;165;1145;306;937;268
2009;Mio EUR (fiksni teèaj 2007);..od tega: C Predelovalne dejavnosti;5840;2536;177;383;629;1348;3304;147;779;153;103;880;251;754;237
2009;Mio EUR (fiksni teèaj 2007);F Gradbeništvo;2465;1314;182;181;195;756;1151;58;138;68;32;328;53;355;118
2009;Mio EUR (fiksni teèaj 2007);GHI Trgovina, gostinstvo, promet;6338;3976;640;277;586;2474;2362;103;280;136;73;702;125;723;221
2009;Mio EUR (fiksni teèaj 2007);J Informacijske in komunikacijske dejavnosti;1209;974;36;27;48;864;235;4;19;4;7;55;11;117;19
2009;Mio EUR (fiksni teèaj 2007);K Finanène in zavarovalniške dejavnosti;1582;1097;111;60;76;851;485;15;51;17;11;104;22;233;33
2009;Mio EUR (fiksni teèaj 2007);L Poslovanje z nepremièninami;2613;1281;144;151;258;728;1332;69;170;82;48;308;85;416;153
2009;Mio EUR (fiksni teèaj 2007);MN Strokovne, znanstvene, tehniène in druge posl. dejavnosti;2755;1808;121;109;167;1411;947;28;149;45;35;203;38;394;56
2009;Mio EUR (fiksni teèaj 2007);OPQ Uprava in obramba, obv. soc. varnost, izob., zdravstvo;5361;3166;263;251;394;2259;2195;96;283;142;67;507;140;732;227
2009;Mio EUR (fiksni teèaj 2007);RSTU Druge dejavnosti;861;629;74;155;62;338;232;7;20;12;7;59;17;89;20
2009;Struktura po regijah (Slovenija = 100%);Skupaj dejavnosti;100.0;56.2;5.sep;5.maj;8.feb;36.7;43.8;1.sep;6.apr;2.sep;1.maj;11.mar;2.jul;13.feb;3.sep
2009;Struktura po regijah (Slovenija = 100%);A Kmetijstvo, gozdarstvo in ribištvo;100.0;31.mar;3.apr;7.mar;7.jul;12.sep;68.7;5.maj;11.0;5.jul;1.feb;14.feb;4.jun;15.mar;11.feb
2009;Struktura po regijah (Slovenija = 100%);BCDE Predelovalne dejavnosti, rudarstvo in druga industrija;100.0;41.7;3.jan;6.mar;9.jul;22.jun;58.3;2.feb;11.mar;5.jan;2.mar;16.jan;4.mar;13.feb;3.avg
2009;Struktura po regijah (Slovenija = 100%);..od tega: C Predelovalne dejavnosti;100.0;43.4;3.0;6.jun;10.avg;23.jan;56.6;2.maj;13.mar;2.jun;1.avg;15.jan;4.mar;12.sep;4.jan
2009;Struktura po regijah (Slovenija = 100%);F Gradbeništvo;100.0;53.3;7.apr;7.mar;7.sep;30.jul;46.7;2.mar;5.jun;2.avg;1.mar;13.mar;2.feb;14.apr;4.avg
2009;Struktura po regijah (Slovenija = 100%);GHI Trgovina, gostinstvo, promet;100.0;62.7;10.jan;4.apr;9.mar;39.0;37.3;1.jun;4.apr;2.feb;1.jan;11.jan;2.0;11.apr;3.maj
2009;Struktura po regijah (Slovenija = 100%);J Informacijske in komunikacijske dejavnosti;100.0;80.6;3.0;2.feb;3.sep;71.4;19.apr;0.3;1.jun;0.4;0.5;4.maj;0.9;9.jun;1.maj
2009;Struktura po regijah (Slovenija = 100%);K Finanène in zavarovalniške dejavnosti;100.0;69.4;7.0;3.avg;4.avg;53.8;30.jun;0.9;3.feb;1.jan;0.7;6.maj;1.apr;14.avg;2.jan
2009;Struktura po regijah (Slovenija = 100%);L Poslovanje z nepremièninami;100.0;49.0;5.maj;5.avg;9.sep;27.sep;51.0;2.jun;6.maj;3.feb;1.avg;11.avg;3.mar;15.sep;5.sep
2009;Struktura po regijah (Slovenija = 100%);MN Strokovne, znanstvene, tehniène in druge posl. dejavnosti;100.0;65.6;4.apr;4.0;6.jan;51.2;34.4;1.0;5.apr;1.jun;1.mar;7.apr;1.apr;14.mar;2.0
2009;Struktura po regijah (Slovenija = 100%);OPQ Uprava in obramba, obv. soc. varnost, izob., zdravstvo;100.0;59.1;4.sep;4.jul;7.mar;42.1;40.9;1.avg;5.mar;2.jun;1.mar;9.maj;2.jun;13.jul;4.feb
2009;Struktura po regijah (Slovenija = 100%);RSTU Druge dejavnosti;100.0;73.0;8.jul;18.0;7.jan;39.2;27.0;0.8;2.apr;1.mar;0.8;6.sep;2.0;10.mar;2.apr
2009;Struktura po dejavnostih (%);Skupaj dejavnosti;100.0;100.0;100.0;100.0;100.0;100.0;100.0;100.0;100.0;100.0;100.0;100.0;100.0;100.0;100.0
2009;Struktura po dejavnostih (%);A Kmetijstvo, gozdarstvo in ribištvo;2.apr;1.mar;1.apr;3.jan;2.feb;0.8;3.jul;6.sep;4.0;4.jun;2.0;3.0;4.jan;2.jul;6.avg
2009;Struktura po dejavnostih (%);BCDE Predelovalne dejavnosti, rudarstvo in druga industrija;22.sep;17.0;12.feb;26.feb;27.feb;14.jan;30.maj;27.jan;40.2;40.0;36.5;32.6;36.8;22.avg;22.apr
2009;Struktura po dejavnostih (%);..od tega: C Predelovalne dejavnosti;18.avg;14.maj;9.jul;22.apr;24.sep;11.avg;24.mar;25.jun;39.1;16.avg;22.avg;25.0;30.2;18.apr;19.avg
2009;Struktura po dejavnostih (%);F Gradbeništvo;7.sep;7.maj;10.0;10.jun;7.jul;6.jun;8.maj;10.jan;6.sep;7.maj;7.jan;9.mar;6.apr;8.jun;9.sep
2009;Struktura po dejavnostih (%);GHI Trgovina, gostinstvo, promet;20.apr;22.avg;35.2;16.feb;23.feb;21.jul;17.apr;17.sep;14.0;14.sep;16.jan;20.0;15.0;17.jun;18.apr
2009;Struktura po dejavnostih (%);J Informacijske in komunikacijske dejavnosti;3.sep;5.jun;2.0;1.jun;1.sep;7.jun;1.jul;0.7;1.0;0.5;1.apr;1.jun;1.mar;2.avg;1.jun
2009;Struktura po dejavnostih (%);K Finanène in zavarovalniške dejavnosti;5.jan;6.mar;6.jan;3.maj;3.0;7.maj;3.jun;2.maj;2.maj;1.sep;2.apr;2.sep;2.jun;5.jul;2.jul
2009;Struktura po dejavnostih (%);L Poslovanje z nepremièninami;8.apr;7.mar;7.sep;8.avg;10.feb;6.apr;9.avg;12.0;8.jun;9.0;10.jun;8.avg;10.feb;10.jan;12.avg
2009;Struktura po dejavnostih (%);MN Strokovne, znanstvene, tehniène in druge posl. dejavnosti;8.sep;10.apr;6.jul;6.apr;6.jun;12.apr;7.0;4.avg;7.maj;4.sep;7.jun;5.avg;4.jun;9.jun;4.jul
2009;Struktura po dejavnostih (%);OPQ Uprava in obramba, obv. soc. varnost, izob., zdravstvo;17.mar;18.feb;14.maj;14.jul;15.jun;19.avg;16.feb;16.jul;14.feb;15.maj;14.avg;14.apr;16.sep;17.avg;18.sep
2009;Struktura po dejavnostih (%);RSTU Druge dejavnosti;2.avg;3.jun;4.jan;9.jan;2.apr;3.0;1.jul;1.feb;1.0;1.mar;1.jun;1.jul;2.jan;2.feb;1.jul
2010;Mio EUR (fiksni teèaj 2007);Skupaj dejavnosti;30982;17426;1834;1696;2546;11351;13555;566;2001;902;454;3557;825;4067;1184
2010;Mio EUR (fiksni teèaj 2007);A Kmetijstvo, gozdarstvo in ribištvo;770;239;26;55;59;99;531;40;86;45;10;113;36;118;83
2010;Mio EUR (fiksni teèaj 2007);BCDE Predelovalne dejavnosti, rudarstvo in druga industrija;7242;3029;225;467;727;1610;4213;161;817;356;169;1215;304;927;265
2010;Mio EUR (fiksni teèaj 2007);..od tega: C Predelovalne dejavnosti;5955;2575;179;394;668;1333;3380;152;796;143;112;944;248;754;231
2010;Mio EUR (fiksni teèaj 2007);F Gradbeništvo;2017;1063;151;146;164;603;954;46;127;59;24;260;45;290;102
2010;Mio EUR (fiksni teèaj 2007);GHI Trgovina, gostinstvo, promet;6286;3924;656;268;559;2441;2362;102;279;134;76;722;123;704;223
2010;Mio EUR (fiksni teèaj 2007);J Informacijske in komunikacijske dejavnosti;1256;1009;35;30;54;891;247;5;19;4;5;60;11;123;20
2010;Mio EUR (fiksni teèaj 2007);K Finanène in zavarovalniške dejavnosti;1730;1203;121;62;92;927;528;16;53;19;10;110;24;260;36
2010;Mio EUR (fiksni teèaj 2007);L Poslovanje z nepremièninami;2507;1231;135;142;245;709;1277;65;163;81;49;300;82;394;143
2010;Mio EUR (fiksni teèaj 2007);MN Strokovne, znanstvene, tehniène in druge posl. dejavnosti;2837;1878;126;112;179;1461;959;28;146;47;35;199;39;409;57
2010;Mio EUR (fiksni teèaj 2007);OPQ Uprava in obramba, obv. soc. varnost, izob., zdravstvo;5480;3225;285;260;403;2277;2256;97;289;144;69;523;144;755;236
2010;Mio EUR (fiksni teèaj 2007);RSTU Druge dejavnosti;856;626;74;154;64;334;230;7;22;13;6;55;19;88;20
2010;Struktura po regijah (Slovenija = 100%);Skupaj dejavnosti;100.0;56.2;5.sep;5.maj;8.feb;36.6;43.8;1.avg;6.maj;2.sep;1.maj;11.maj;2.jul;13.jan;3.avg
2010;Struktura po regijah (Slovenija = 100%);A Kmetijstvo, gozdarstvo in ribištvo;100.0;31.jan;3.apr;7.jan;7.jul;12.sep;68.9;5.feb;11.feb;5.avg;1.mar;14.jul;4.jun;15.mar;10.avg
2010;Struktura po regijah (Slovenija = 100%);BCDE Predelovalne dejavnosti, rudarstvo in druga industrija;100.0;41.8;3.jan;6.maj;10.0;22.feb;58.2;2.feb;11.mar;4.sep;2.mar;16.avg;4.feb;12.avg;3.jul
2010;Struktura po regijah (Slovenija = 100%);..od tega: C Predelovalne dejavnosti;100.0;43.2;3.0;6.jun;11.feb;22.apr;56.8;2.jun;13.apr;2.apr;1.sep;15.sep;4.feb;12.jul;3.sep
2010;Struktura po regijah (Slovenija = 100%);F Gradbeništvo;100.0;52.7;7.maj;7.feb;8.jan;29.sep;47.3;2.mar;6.mar;2.sep;1.feb;12.sep;2.feb;14.apr;5.jan
2010;Struktura po regijah (Slovenija = 100%);GHI Trgovina, gostinstvo, promet;100.0;62.4;10.apr;4.mar;8.sep;38.8;37.6;1.jun;4.apr;2.jan;1.feb;11.maj;2.0;11.feb;3.maj
2010;Struktura po regijah (Slovenija = 100%);J Informacijske in komunikacijske dejavnosti;100.0;80.4;2.avg;2.apr;4.mar;70.9;19.jun;0.4;1.maj;0.4;0.4;4.jul;0.9;9.avg;1.jun
2010;Struktura po regijah (Slovenija = 100%);K Finanène in zavarovalniške dejavnosti;100.0;69.5;7.0;3.jun;5.mar;53.6;30.maj;0.9;3.jan;1.jan;0.6;6.mar;1.apr;15.0;2.jan
2010;Struktura po regijah (Slovenija = 100%);L Poslovanje z nepremièninami;100.0;49.1;5.apr;5.jun;9.avg;28.mar;50.9;2.jun;6.maj;3.feb;2.0;12.0;3.mar;15.jul;5.jul
2010;Struktura po regijah (Slovenija = 100%);MN Strokovne, znanstvene, tehniène in druge posl. dejavnosti;100.0;66.2;4.maj;3.sep;6.mar;51.5;33.8;1.0;5.jan;1.jul;1.feb;7.0;1.apr;14.apr;2.0
2010;Struktura po regijah (Slovenija = 100%);OPQ Uprava in obramba, obv. soc. varnost, izob., zdravstvo;100.0;58.8;5.feb;4.jul;7.mar;41.6;41.2;1.avg;5.mar;2.jun;1.mar;9.maj;2.jun;13.avg;4.mar
2010;Struktura po regijah (Slovenija = 100%);RSTU Druge dejavnosti;100.0;73.1;8.jun;17.sep;7.maj;39.0;26.sep;0.8;2.jun;1.maj;0.8;6.maj;2.feb;10.mar;2.mar
2010;Struktura po dejavnostih (%);Skupaj dejavnosti;100.0;100.0;100.0;100.0;100.0;100.0;100.0;100.0;100.0;100.0;100.0;100.0;100.0;100.0;100.0
2010;Struktura po dejavnostih (%);A Kmetijstvo, gozdarstvo in ribištvo;2.maj;1.apr;1.apr;3.feb;2.mar;0.9;3.sep;7.jan;4.mar;5.0;2.feb;3.feb;4.mar;2.sep;7.0
2010;Struktura po dejavnostih (%);BCDE Predelovalne dejavnosti, rudarstvo in druga industrija;23.apr;17.apr;12.mar;27.jun;28.maj;14.feb;31.jan;28.apr;40.8;39.5;37.3;34.2;36.8;22.avg;22.apr
2010;Struktura po dejavnostih (%);..od tega: C Predelovalne dejavnosti;19.feb;14.avg;9.avg;23.feb;26.feb;11.jul;24.sep;26.sep;39.8;15.avg;24.jul;26.maj;30.0;18.maj;19.maj
2010;Struktura po dejavnostih (%);F Gradbeništvo;6.maj;6.jan;8.feb;8.jun;6.apr;5.mar;7.0;8.0;6.mar;6.jun;5.apr;7.mar;5.maj;7.jan;8.jun
2010;Struktura po dejavnostih (%);GHI Trgovina, gostinstvo, promet;20.mar;22.maj;35.8;15.avg;22.0;21.maj;17.apr;18.0;13.sep;14.sep;16.jun;20.mar;14.sep;17.mar;18.avg
2010;Struktura po dejavnostih (%);J Informacijske in komunikacijske dejavnosti;4.jan;5.avg;1.sep;1.jul;2.jan;7.avg;1.avg;0.8;1.0;0.5;1.feb;1.jul;1.mar;3.0;1.jun
2010;Struktura po dejavnostih (%);K Finanène in zavarovalniške dejavnosti;5.jun;6.sep;6.jun;3.jul;3.jun;8.feb;3.sep;2.sep;2.jul;2.jan;2.mar;3.jan;2.sep;6.apr;3.0
2010;Struktura po dejavnostih (%);L Poslovanje z nepremièninami;8.jan;7.jan;7.apr;8.mar;9.jun;6.feb;9.apr;11.apr;8.jan;9.0;10.sep;8.apr;10.0;9.jul;12.jan
2010;Struktura po dejavnostih (%);MN Strokovne, znanstvene, tehniène in druge posl. dejavnosti;9.feb;10.avg;6.sep;6.jun;7.0;12.sep;7.jan;4.sep;7.mar;5.feb;7.jul;5.jun;4.jul;10.0;4.avg
2010;Struktura po dejavnostih (%);OPQ Uprava in obramba, obv. soc. varnost, izob., zdravstvo;17.jul;18.maj;15.maj;15.mar;15.avg;20.jan;16.jun;17.feb;14.apr;16.0;15.jan;14.jul;17.apr;18.jun;19.sep
2010;Struktura po dejavnostih (%);RSTU Druge dejavnosti;2.avg;3.jun;4.0;9.jan;2.maj;2.sep;1.jul;1.feb;1.jan;1.apr;1.apr;1.jun;2.feb;2.feb;1.jul
2011;Mio EUR (fiksni teèaj 2007);Skupaj dejavnosti;31531;17624;1823;1699;2602;11500;13907;571;2029;933;454;3666;863;4149;1242
2011;Mio EUR (fiksni teèaj 2007);A Kmetijstvo, gozdarstvo in ribištvo;877;269;29;64;66;110;608;42;99;52;12;130;41;137;95
2011;Mio EUR (fiksni teèaj 2007);BCDE Predelovalne dejavnosti, rudarstvo in druga industrija;7701;3211;227;473;811;1701;4490;168;844;382;177;1307;336;986;289
2011;Mio EUR (fiksni teèaj 2007);..od tega: C Predelovalne dejavnosti;6369;2750;182;401;753;1415;3619;159;823;150;113;1022;283;812;255
2011;Mio EUR (fiksni teèaj 2007);F Gradbeništvo;1887;977;139;138;153;548;910;32;123;59;25;251;47;266;107
2011;Mio EUR (fiksni teèaj 2007);GHI Trgovina, gostinstvo, promet;6469;4031;654;275;561;2541;2438;115;290;136;68;739;127;730;233
2011;Mio EUR (fiksni teèaj 2007);J Informacijske in komunikacijske dejavnosti;1286;1027;35;31;56;905;258;5;20;5;6;61;11;128;22
2011;Mio EUR (fiksni teèaj 2007);K Finanène in zavarovalniške dejavnosti;1608;1121;118;55;78;869;487;16;51;16;8;101;21;238;36
2011;Mio EUR (fiksni teèaj 2007);L Poslovanje z nepremièninami;2439;1197;131;137;240;689;1242;62;157;79;46;293;80;384;140
2011;Mio EUR (fiksni teèaj 2007);MN Strokovne, znanstvene, tehniène in druge posl. dejavnosti;2863;1900;137;113;178;1472;963;31;135;43;37;203;40;418;57
2011;Mio EUR (fiksni teèaj 2007);OPQ Uprava in obramba, obv. soc. varnost, izob., zdravstvo;5545;3265;278;263;393;2332;2280;93;288;148;69;523;141;775;242
2011;Mio EUR (fiksni teèaj 2007);RSTU Druge dejavnosti;856;624;75;149;66;334;232;7;23;12;6;57;18;88;20
2011;Struktura po regijah (Slovenija = 100%);Skupaj dejavnosti;100.0;55.9;5.avg;5.apr;8.mar;36.5;44.1;1.avg;6.apr;3.0;1.apr;11.jun;2.jul;13.feb;3.sep
2011;Struktura po regijah (Slovenija = 100%);A Kmetijstvo, gozdarstvo in ribištvo;100.0;30.jul;3.apr;7.mar;7.maj;12.maj;69.3;4.avg;11.feb;6.0;1.mar;14.avg;4.jul;15.jun;10.avg
2011;Struktura po regijah (Slovenija = 100%);BCDE Predelovalne dejavnosti, rudarstvo in druga industrija;100.0;41.7;3.0;6.jan;10.maj;22.jan;58.3;2.feb;11.0;5.0;2.mar;17.0;4.apr;12.avg;3.avg
2011;Struktura po regijah (Slovenija = 100%);..od tega: C Predelovalne dejavnosti;100.0;43.2;2.sep;6.mar;11.avg;22.feb;56.8;2.maj;12.sep;2.apr;1.avg;16.0;4.apr;12.avg;4.0
2011;Struktura po regijah (Slovenija = 100%);F Gradbeništvo;100.0;51.8;7.apr;7.mar;8.jan;29.0;48.2;1.jul;6.maj;3.jan;1.mar;13.mar;2.maj;14.jan;5.jun
2011;Struktura po regijah (Slovenija = 100%);GHI Trgovina, gostinstvo, promet;100.0;62.3;10.jan;4.mar;8.jul;39.3;37.7;1.avg;4.maj;2.jan;1.jan;11.apr;2.0;11.mar;3.jun
2011;Struktura po regijah (Slovenija = 100%);J Informacijske in komunikacijske dejavnosti;100.0;79.9;2.jul;2.apr;4.apr;70.4;20.jan;0.4;1.maj;0.4;0.5;4.avg;0.9;10.0;1.jul
2011;Struktura po regijah (Slovenija = 100%);K Finanène in zavarovalniške dejavnosti;100.0;69.7;7.mar;3.apr;4.sep;54.1;30.mar;1.0;3.feb;1.0;0.5;6.mar;1.mar;14.avg;2.feb
2011;Struktura po regijah (Slovenija = 100%);L Poslovanje z nepremièninami;100.0;49.1;5.apr;5.jun;9.avg;28.feb;50.9;2.jun;6.apr;3.mar;1.sep;12.0;3.mar;15.jul;5.jul
2011;Struktura po regijah (Slovenija = 100%);MN Strokovne, znanstvene, tehniène in druge posl. dejavnosti;100.0;66.4;4.avg;4.0;6.feb;51.4;33.6;1.jan;4.jul;1.maj;1.mar;7.jan;1.apr;14.jun;2.0
2011;Struktura po regijah (Slovenija = 100%);OPQ Uprava in obramba, obv. soc. varnost, izob., zdravstvo;100.0;58.9;5.0;4.jul;7.jan;42.1;41.1;1.jul;5.feb;2.jul;1.feb;9.apr;2.maj;14.0;4.apr
2011;Struktura po regijah (Slovenija = 100%);RSTU Druge dejavnosti;100.0;72.9;8.jul;17.apr;7.jul;39.1;27.jan;0.8;2.jun;1.apr;0.7;6.jul;2.feb;10.feb;2.apr
2011;Struktura po dejavnostih (%);Skupaj dejavnosti;100.0;100.0;100.0;100.0;100.0;100.0;100.0;100.0;100.0;100.0;100.0;100.0;100.0;100.0;100.0
2011;Struktura po dejavnostih (%);A Kmetijstvo, gozdarstvo in ribištvo;2.avg;1.maj;1.jun;3.avg;2.maj;1.0;4.apr;7.apr;4.sep;5.jun;2.jun;3.jun;4.avg;3.mar;7.jun
2011;Struktura po dejavnostih (%);BCDE Predelovalne dejavnosti, rudarstvo in druga industrija;24.apr;18.feb;12.maj;27.avg;31.jan;14.avg;32.3;29.mar;41.6;41.0;39.0;35.7;39.0;23.avg;23.mar
2011;Struktura po dejavnostih (%);..od tega: C Predelovalne dejavnosti;20.feb;15.jun;10.0;23.jun;28.sep;12.mar;26.0;27.sep;40.6;16.jan;25.0;27.sep;32.8;19.jun;20.jun
2011;Struktura po dejavnostih (%);F Gradbeništvo;6.0;5.maj;7.jun;8.jan;5.sep;4.avg;6.maj;5.jun;6.jan;6.mar;5.apr;6.avg;5.apr;6.apr;8.jun
2011;Struktura po dejavnostih (%);GHI Trgovina, gostinstvo, promet;20.maj;22.sep;35.9;16.feb;21.jun;22.jan;17.maj;20.feb;14.mar;14.jun;15.jan;20.feb;14.jul;17.jun;18.avg
2011;Struktura po dejavnostih (%);J Informacijske in komunikacijske dejavnosti;4.jan;5.avg;1.sep;1.avg;2.feb;7.sep;1.sep;0.9;1.0;0.5;1.mar;1.jul;1.mar;3.jan;1.avg
2011;Struktura po dejavnostih (%);K Finanène in zavarovalniške dejavnosti;5.jan;6.apr;6.maj;3.mar;3.0;7.jun;3.maj;2.avg;2.maj;1.avg;1.avg;2.avg;2.apr;5.jul;2.sep
2011;Struktura po dejavnostih (%);L Poslovanje z nepremièninami;7.jul;6.avg;7.feb;8.jan;9.feb;6.0;8.sep;10.sep;7.jul;8.maj;10.jan;8.0;9.mar;9.mar;11.mar
2011;Struktura po dejavnostih (%);MN Strokovne, znanstvene, tehniène in druge posl. dejavnosti;9.jan;10.avg;7.maj;6.jul;6.avg;12.avg;6.sep;5.apr;6.jun;4.jun;8.jan;5.maj;4.jul;10.jan;4.jun
2011;Struktura po dejavnostih (%);OPQ Uprava in obramba, obv. soc. varnost, izob., zdravstvo;17.jun;18.maj;15.feb;15.maj;15.jan;20.mar;16.apr;16.mar;14.feb;15.sep;15.feb;14.mar;16.mar;18.jul;19.maj
2011;Struktura po dejavnostih (%);RSTU Druge dejavnosti;2.jul;3.maj;4.jan;8.avg;2.maj;2.sep;1.jul;1.feb;1.jan;1.mar;1.apr;1.jun;2.jan;2.jan;1.jun
2012;Mio EUR (fiksni teèaj 2007);Skupaj dejavnosti;30708;17188;1703;1633;2549;11303;13520;547;1958;914;420;3564;859;4034;1224
2012;Mio EUR (fiksni teèaj 2007);A Kmetijstvo, gozdarstvo in ribištvo;827;254;27;59;62;106;573;38;99;48;11;117;41;128;91
2012;Mio EUR (fiksni teèaj 2007);BCDE Predelovalne dejavnosti, rudarstvo in druga industrija;7725;3267;224;475;808;1760;4458;166;825;375;167;1310;342;987;287
2012;Mio EUR (fiksni teèaj 2007);..od tega: C Predelovalne dejavnosti;6396;2803;179;399;749;1475;3594;158;805;151;111;1025;285;805;255
2012;Mio EUR (fiksni teèaj 2007);F Gradbeništvo;1822;907;114;114;143;536;916;29;129;64;22;240;46;267;119
2012;Mio EUR (fiksni teèaj 2007);GHI Trgovina, gostinstvo, promet;6272;3940;621;267;563;2489;2332;107;270;132;56;713;128;703;222
2012;Mio EUR (fiksni teèaj 2007);J Informacijske in komunikacijske dejavnosti;1312;1056;34;33;57;932;256;5;20;4;7;63;11;123;22
2012;Mio EUR (fiksni teèaj 2007);K Finanène in zavarovalniške dejavnosti;1371;960;106;46;71;736;411;15;43;18;7;82;18;198;30
2012;Mio EUR (fiksni teèaj 2007);L Poslovanje z nepremièninami;2305;1128;124;132;227;645;1177;59;151;76;41;279;76;362;133
2012;Mio EUR (fiksni teèaj 2007);MN Strokovne, znanstvene, tehniène in druge posl. dejavnosti;2781;1835;121;112;176;1426;946;34;122;46;37;198;43;405;62
2012;Mio EUR (fiksni teèaj 2007);OPQ Uprava in obramba, obv. soc. varnost, izob., zdravstvo;5464;3239;265;259;380;2335;2225;87;276;139;67;506;135;777;239
2012;Mio EUR (fiksni teèaj 2007);RSTU Druge dejavnosti;829;603;66;137;62;337;226;8;23;12;6;56;18;83;19
2012;Struktura po regijah (Slovenija = 100%);Skupaj dejavnosti;100.0;56.0;5.maj;5.mar;8.mar;36.8;44.0;1.avg;6.apr;3.0;1.apr;11.jun;2.avg;13.jan;4.0
2012;Struktura po regijah (Slovenija = 100%);A Kmetijstvo, gozdarstvo in ribištvo;100.0;30.jul;3.mar;7.jan;7.maj;12.avg;69.3;4.jun;12.0;5.avg;1.mar;14.feb;4.sep;15.maj;11.0
2012;Struktura po regijah (Slovenija = 100%);BCDE Predelovalne dejavnosti, rudarstvo in druga industrija;100.0;42.3;2.sep;6.jan;10.maj;22.avg;57.7;2.jan;10.jul;4.sep;2.feb;17.0;4.apr;12.avg;3.jul
2012;Struktura po regijah (Slovenija = 100%);..od tega: C Predelovalne dejavnosti;100.0;43.8;2.avg;6.feb;11.jul;23.jan;56.2;2.maj;12.jun;2.apr;1.jul;16.0;4.maj;12.jun;4.0
2012;Struktura po regijah (Slovenija = 100%);F Gradbeništvo;100.0;49.8;6.mar;6.feb;7.sep;29.apr;50.2;1.jun;7.jan;3.maj;1.feb;13.feb;2.maj;14.jul;6.maj
2012;Struktura po regijah (Slovenija = 100%);GHI Trgovina, gostinstvo, promet;100.0;62.8;9.sep;4.mar;9.0;39.7;37.2;1.jul;4.mar;2.jan;0.9;11.apr;2.0;11.feb;3.maj
2012;Struktura po regijah (Slovenija = 100%);J Informacijske in komunikacijske dejavnosti;100.0;80.5;2.jun;2.maj;4.mar;71.1;19.maj;0.4;1.maj;0.3;0.5;4.avg;0.9;9.apr;1.jul
2012;Struktura po regijah (Slovenija = 100%);K Finanène in zavarovalniške dejavnosti;100.0;70.0;7.avg;3.apr;5.feb;53.7;30.0;1.jan;3.jan;1.mar;0.5;6.0;1.mar;14.apr;2.feb
2012;Struktura po regijah (Slovenija = 100%);L Poslovanje z nepremièninami;100.0;48.9;5.apr;5.jul;9.avg;28.0;51.1;2.jun;6.maj;3.mar;1.avg;12.jan;3.mar;15.jul;5.avg
2012;Struktura po regijah (Slovenija = 100%);MN Strokovne, znanstvene, tehniène in druge posl. dejavnosti;100.0;66.0;4.mar;4.0;6.mar;51.3;34.0;1.feb;4.apr;1.jun;1.mar;7.jan;1.jun;14.jun;2.feb
2012;Struktura po regijah (Slovenija = 100%);OPQ Uprava in obramba, obv. soc. varnost, izob., zdravstvo;100.0;59.3;4.sep;4.jul;7.0;42.7;40.7;1.jun;5.0;2.maj;1.feb;9.mar;2.maj;14.feb;4.apr
2012;Struktura po regijah (Slovenija = 100%);RSTU Druge dejavnosti;100.0;72.7;8.0;16.maj;7.maj;40.7;27.mar;1.0;2.avg;1.maj;0.7;6.avg;2.feb;10.jan;2.mar
2012;Struktura po dejavnostih (%);Skupaj dejavnosti;100.0;100.0;100.0;100.0;100.0;100.0;100.0;100.0;100.0;100.0;100.0;100.0;100.0;100.0;100.0
2012;Struktura po dejavnostih (%);A Kmetijstvo, gozdarstvo in ribištvo;2.jul;1.maj;1.jun;3.jun;2.apr;0.9;4.feb;7.0;5.jan;5.mar;2.maj;3.mar;4.jul;3.feb;7.maj
2012;Struktura po dejavnostih (%);BCDE Predelovalne dejavnosti, rudarstvo in druga industrija;25.feb;19.0;13.jan;29.jan;31.jul;15.jun;33.0;30.mar;42.2;41.0;39.7;36.8;39.8;24.maj;23.apr
2012;Struktura po dejavnostih (%);..od tega: C Predelovalne dejavnosti;20.avg;16.mar;10.maj;24.apr;29.apr;13.jan;26.jun;28.avg;41.1;16.maj;26.maj;28.jul;33.2;20.0;20.avg
2012;Struktura po dejavnostih (%);F Gradbeništvo;5.sep;5.mar;6.jul;7.0;5.jun;4.jul;6.avg;5.mar;6.jun;7.0;5.feb;6.jul;5.apr;6.jun;9.jul
2012;Struktura po dejavnostih (%);GHI Trgovina, gostinstvo, promet;20.apr;22.sep;36.4;16.mar;22.jan;22.0;17.feb;19.maj;13.avg;14.maj;13.apr;20.0;14.sep;17.apr;18.feb
2012;Struktura po dejavnostih (%);J Informacijske in komunikacijske dejavnosti;4.mar;6.jan;2.0;2.0;2.feb;8.feb;1.sep;0.9;1.0;0.5;1.jun;1.avg;1.mar;3.jan;1.avg
2012;Struktura po dejavnostih (%);K Finanène in zavarovalniške dejavnosti;4.maj;5.jun;6.feb;2.avg;2.avg;6.maj;3.0;2.jul;2.feb;1.sep;1.jun;2.mar;2.jan;4.sep;2.maj
2012;Struktura po dejavnostih (%);L Poslovanje z nepremièninami;7.maj;6.jun;7.mar;8.jan;8.sep;5.jul;8.jul;10.avg;7.jul;8.mar;9.sep;7.avg;8.sep;9.0;10.avg
2012;Struktura po dejavnostih (%);MN Strokovne, znanstvene, tehniène in druge posl. dejavnosti;9.jan;10.jul;7.jan;6.avg;6.sep;12.jun;7.0;6.feb;6.feb;5.0;8.avg;5.jun;5.jan;10.0;5.0
2012;Struktura po dejavnostih (%);OPQ Uprava in obramba, obv. soc. varnost, izob., zdravstvo;17.avg;18.avg;15.jun;15.sep;14.sep;20.jul;16.maj;15.sep;14.jan;15.feb;15.sep;14.feb;15.jul;19.mar;19.maj
2012;Struktura po dejavnostih (%);RSTU Druge dejavnosti;2.jul;3.maj;3.sep;8.apr;2.apr;3.0;1.jul;1.maj;1.feb;1.mar;1.apr;1.jun;2.jan;2.jan;1.jun
